web-scraper-order,web-scraper-start-url,movie_name,movie_name-href,genre
"1542226792-135","https://www.imdb.com/chart/top","Batman Begins","https://www.imdb.com/title/tt0372784/?pf_rd_m=A2FGELUUNOQJNL&pf_rd_p=e31d89dd-322d-4646-8962-327b42fe94b1&pf_rd_r=P56BEEM7AYHRBF4JMYBY&pf_rd_s=center-1&pf_rd_t=15506&pf_rd_i=top&ref_=chttp_tt_116","Action"
"1542226600-50","https://www.imdb.com/chart/top","The Wages of Fear","https://www.imdb.com/title/tt0046268/?pf_rd_m=A2FGELUUNOQJNL&pf_rd_p=e31d89dd-322d-4646-8962-327b42fe94b1&pf_rd_r=P56BEEM7AYHRBF4JMYBY&pf_rd_s=center-1&pf_rd_t=15506&pf_rd_i=top&ref_=chttp_tt_201","Adventure"
"1542226933-190","https://www.imdb.com/chart/top","Django Unchained","https://www.imdb.com/title/tt1853728/?pf_rd_m=A2FGELUUNOQJNL&pf_rd_p=e31d89dd-322d-4646-8962-327b42fe94b1&pf_rd_r=P56BEEM7AYHRBF4JMYBY&pf_rd_s=center-1&pf_rd_t=15506&pf_rd_i=top&ref_=chttp_tt_61","Drama"
"1542226685-87","https://www.imdb.com/chart/top","Gran Torino","https://www.imdb.com/title/tt1205489/?pf_rd_m=A2FGELUUNOQJNL&pf_rd_p=e31d89dd-322d-4646-8962-327b42fe94b1&pf_rd_r=P56BEEM7AYHRBF4JMYBY&pf_rd_s=center-1&pf_rd_t=15506&pf_rd_i=top&ref_=chttp_tt_164","Drama"
"1542226972-206","https://www.imdb.com/chart/top","Raiders of the Lost Ark","https://www.imdb.com/title/tt0082971/?pf_rd_m=A2FGELUUNOQJNL&pf_rd_p=e31d89dd-322d-4646-8962-327b42fe94b1&pf_rd_r=P56BEEM7AYHRBF4JMYBY&pf_rd_s=center-1&pf_rd_t=15506&pf_rd_i=top&ref_=chttp_tt_45","Action"
"1542227076-248","https://www.imdb.com/chart/top","The Godfather: Part II","https://www.imdb.com/title/tt0071562/?pf_rd_m=A2FGELUUNOQJNL&pf_rd_p=e31d89dd-322d-4646-8962-327b42fe94b1&pf_rd_r=P56BEEM7AYHRBF4JMYBY&pf_rd_s=center-1&pf_rd_t=15506&pf_rd_i=top&ref_=chttp_tt_3","Crime"
"1542227030-230","https://www.imdb.com/chart/top","Se7en","https://www.imdb.com/title/tt0114369/?pf_rd_m=A2FGELUUNOQJNL&pf_rd_p=e31d89dd-322d-4646-8962-327b42fe94b1&pf_rd_r=P56BEEM7AYHRBF4JMYBY&pf_rd_s=center-1&pf_rd_t=15506&pf_rd_i=top&ref_=chttp_tt_21","Crime"
"1542227058-240","https://www.imdb.com/chart/top","O Senhor dos Anéis: A Sociedade do Anel","https://www.imdb.com/title/tt0120737/?pf_rd_m=A2FGELUUNOQJNL&pf_rd_p=e31d89dd-322d-4646-8962-327b42fe94b1&pf_rd_r=P56BEEM7AYHRBF4JMYBY&pf_rd_s=center-1&pf_rd_t=15506&pf_rd_i=top&ref_=chttp_tt_11","Adventure"
"1542226524-19","https://www.imdb.com/chart/top","The Wizard of Oz","https://www.imdb.com/title/tt0032138/?pf_rd_m=A2FGELUUNOQJNL&pf_rd_p=e31d89dd-322d-4646-8962-327b42fe94b1&pf_rd_r=P56BEEM7AYHRBF4JMYBY&pf_rd_s=center-1&pf_rd_t=15506&pf_rd_i=top&ref_=chttp_tt_232","Adventure"
"1542226904-182","https://www.imdb.com/chart/top","Coco","https://www.imdb.com/title/tt2380307/?pf_rd_m=A2FGELUUNOQJNL&pf_rd_p=e31d89dd-322d-4646-8962-327b42fe94b1&pf_rd_r=P56BEEM7AYHRBF4JMYBY&pf_rd_s=center-1&pf_rd_t=15506&pf_rd_i=top&ref_=chttp_tt_69","Animation"
"1542226611-55","https://www.imdb.com/chart/top","Ben-Hur","https://www.imdb.com/title/tt0052618/?pf_rd_m=A2FGELUUNOQJNL&pf_rd_p=e31d89dd-322d-4646-8962-327b42fe94b1&pf_rd_r=P56BEEM7AYHRBF4JMYBY&pf_rd_s=center-1&pf_rd_t=15506&pf_rd_i=top&ref_=chttp_tt_196","Adventure"
"1542226721-103","https://www.imdb.com/chart/top","Room","https://www.imdb.com/title/tt3170832/?pf_rd_m=A2FGELUUNOQJNL&pf_rd_p=e31d89dd-322d-4646-8962-327b42fe94b1&pf_rd_r=P56BEEM7AYHRBF4JMYBY&pf_rd_s=center-1&pf_rd_t=15506&pf_rd_i=top&ref_=chttp_tt_148","Drama"
"1542227062-242","https://www.imdb.com/chart/top","The Good, the Bad and the Ugly","https://www.imdb.com/title/tt0060196/?pf_rd_m=A2FGELUUNOQJNL&pf_rd_p=e31d89dd-322d-4646-8962-327b42fe94b1&pf_rd_r=P56BEEM7AYHRBF4JMYBY&pf_rd_s=center-1&pf_rd_t=15506&pf_rd_i=top&ref_=chttp_tt_9","Western"
"1542227007-221","https://www.imdb.com/chart/top","The Green Mile","https://www.imdb.com/title/tt0120689/?pf_rd_m=A2FGELUUNOQJNL&pf_rd_p=e31d89dd-322d-4646-8962-327b42fe94b1&pf_rd_r=P56BEEM7AYHRBF4JMYBY&pf_rd_s=center-1&pf_rd_t=15506&pf_rd_i=top&ref_=chttp_tt_30","Crime"
"1542226719-102","https://www.imdb.com/chart/top","Mr. Smith Goes to Washington","https://www.imdb.com/title/tt0031679/?pf_rd_m=A2FGELUUNOQJNL&pf_rd_p=e31d89dd-322d-4646-8962-327b42fe94b1&pf_rd_r=P56BEEM7AYHRBF4JMYBY&pf_rd_s=center-1&pf_rd_t=15506&pf_rd_i=top&ref_=chttp_tt_149","Comedy"
"1542226820-147","https://www.imdb.com/chart/top","Scarface","https://www.imdb.com/title/tt0086250/?pf_rd_m=A2FGELUUNOQJNL&pf_rd_p=e31d89dd-322d-4646-8962-327b42fe94b1&pf_rd_r=P56BEEM7AYHRBF4JMYBY&pf_rd_s=center-1&pf_rd_t=15506&pf_rd_i=top&ref_=chttp_tt_104","Crime"
"1542226796-137","https://www.imdb.com/chart/top","All About Eve","https://www.imdb.com/title/tt0042192/?pf_rd_m=A2FGELUUNOQJNL&pf_rd_p=e31d89dd-322d-4646-8962-327b42fe94b1&pf_rd_r=P56BEEM7AYHRBF4JMYBY&pf_rd_s=center-1&pf_rd_t=15506&pf_rd_i=top&ref_=chttp_tt_114","Drama"
"1542226628-63","https://www.imdb.com/chart/top","The Grand Budapest Hotel","https://www.imdb.com/title/tt2278388/?pf_rd_m=A2FGELUUNOQJNL&pf_rd_p=e31d89dd-322d-4646-8962-327b42fe94b1&pf_rd_r=P56BEEM7AYHRBF4JMYBY&pf_rd_s=center-1&pf_rd_t=15506&pf_rd_i=top&ref_=chttp_tt_188","Adventure"
"1542226565-36","https://www.imdb.com/chart/top","Catch Me If You Can","https://www.imdb.com/title/tt0264464/?pf_rd_m=A2FGELUUNOQJNL&pf_rd_p=e31d89dd-322d-4646-8962-327b42fe94b1&pf_rd_r=P56BEEM7AYHRBF4JMYBY&pf_rd_s=center-1&pf_rd_t=15506&pf_rd_i=top&ref_=chttp_tt_215","Biography"
"1542226860-164","https://www.imdb.com/chart/top","Amélie","https://www.imdb.com/title/tt0211915/?pf_rd_m=A2FGELUUNOQJNL&pf_rd_p=e31d89dd-322d-4646-8962-327b42fe94b1&pf_rd_r=P56BEEM7AYHRBF4JMYBY&pf_rd_s=center-1&pf_rd_t=15506&pf_rd_i=top&ref_=chttp_tt_87","Comedy"
"1542226786-132","https://www.imdb.com/chart/top","Downfall","https://www.imdb.com/title/tt0363163/?pf_rd_m=A2FGELUUNOQJNL&pf_rd_p=e31d89dd-322d-4646-8962-327b42fe94b1&pf_rd_r=P56BEEM7AYHRBF4JMYBY&pf_rd_s=center-1&pf_rd_t=15506&pf_rd_i=top&ref_=chttp_tt_119","Biography"
"1542226711-99","https://www.imdb.com/chart/top","Warrior","https://www.imdb.com/title/tt1291584/?pf_rd_m=A2FGELUUNOQJNL&pf_rd_p=e31d89dd-322d-4646-8962-327b42fe94b1&pf_rd_r=P56BEEM7AYHRBF4JMYBY&pf_rd_s=center-1&pf_rd_t=15506&pf_rd_i=top&ref_=chttp_tt_152","Drama"
"1542226833-153","https://www.imdb.com/chart/top","The Kid","https://www.imdb.com/title/tt0012349/?pf_rd_m=A2FGELUUNOQJNL&pf_rd_p=e31d89dd-322d-4646-8962-327b42fe94b1&pf_rd_r=P56BEEM7AYHRBF4JMYBY&pf_rd_s=center-1&pf_rd_t=15506&pf_rd_i=top&ref_=chttp_tt_98","Comedy"
"1542226779-129","https://www.imdb.com/chart/top","Heat","https://www.imdb.com/title/tt0113277/?pf_rd_m=A2FGELUUNOQJNL&pf_rd_p=e31d89dd-322d-4646-8962-327b42fe94b1&pf_rd_r=P56BEEM7AYHRBF4JMYBY&pf_rd_s=center-1&pf_rd_t=15506&pf_rd_i=top&ref_=chttp_tt_122","Crime"
"1542226490-5","https://www.imdb.com/chart/top","The Bourne Ultimatum","https://www.imdb.com/title/tt0440963/?pf_rd_m=A2FGELUUNOQJNL&pf_rd_p=e31d89dd-322d-4646-8962-327b42fe94b1&pf_rd_r=P56BEEM7AYHRBF4JMYBY&pf_rd_s=center-1&pf_rd_t=15506&pf_rd_i=top&ref_=chttp_tt_246","Action"
"1542226702-95","https://www.imdb.com/chart/top","Dial M for Murder","https://www.imdb.com/title/tt0046912/?pf_rd_m=A2FGELUUNOQJNL&pf_rd_p=e31d89dd-322d-4646-8962-327b42fe94b1&pf_rd_r=P56BEEM7AYHRBF4JMYBY&pf_rd_s=center-1&pf_rd_t=15506&pf_rd_i=top&ref_=chttp_tt_156","Crime"
"1542226512-14","https://www.imdb.com/chart/top","In the Mood for Love","https://www.imdb.com/title/tt0118694/?pf_rd_m=A2FGELUUNOQJNL&pf_rd_p=e31d89dd-322d-4646-8962-327b42fe94b1&pf_rd_r=P56BEEM7AYHRBF4JMYBY&pf_rd_s=center-1&pf_rd_t=15506&pf_rd_i=top&ref_=chttp_tt_237","Drama"
"1542226567-37","https://www.imdb.com/chart/top","Nausicaä of the Valley of the Wind","https://www.imdb.com/title/tt0087544/?pf_rd_m=A2FGELUUNOQJNL&pf_rd_p=e31d89dd-322d-4646-8962-327b42fe94b1&pf_rd_r=P56BEEM7AYHRBF4JMYBY&pf_rd_s=center-1&pf_rd_t=15506&pf_rd_i=top&ref_=chttp_tt_214","Animation"
"1542226676-83","https://www.imdb.com/chart/top","Sherlock Jr.","https://www.imdb.com/title/tt0015324/?pf_rd_m=A2FGELUUNOQJNL&pf_rd_p=e31d89dd-322d-4646-8962-327b42fe94b1&pf_rd_r=P56BEEM7AYHRBF4JMYBY&pf_rd_s=center-1&pf_rd_t=15506&pf_rd_i=top&ref_=chttp_tt_168","Action"
"1542226948-196","https://www.imdb.com/chart/top","Grave of the Fireflies","https://www.imdb.com/title/tt0095327/?pf_rd_m=A2FGELUUNOQJNL&pf_rd_p=e31d89dd-322d-4646-8962-327b42fe94b1&pf_rd_r=P56BEEM7AYHRBF4JMYBY&pf_rd_s=center-1&pf_rd_t=15506&pf_rd_i=top&ref_=chttp_tt_55","Animation"
"1542226730-107","https://www.imdb.com/chart/top","Casino","https://www.imdb.com/title/tt0112641/?pf_rd_m=A2FGELUUNOQJNL&pf_rd_p=e31d89dd-322d-4646-8962-327b42fe94b1&pf_rd_r=P56BEEM7AYHRBF4JMYBY&pf_rd_s=center-1&pf_rd_t=15506&pf_rd_i=top&ref_=chttp_tt_144","Crime"
"1542226639-67","https://www.imdb.com/chart/top","Life of Brian","https://www.imdb.com/title/tt0079470/?pf_rd_m=A2FGELUUNOQJNL&pf_rd_p=e31d89dd-322d-4646-8962-327b42fe94b1&pf_rd_r=P56BEEM7AYHRBF4JMYBY&pf_rd_s=center-1&pf_rd_t=15506&pf_rd_i=top&ref_=chttp_tt_184","Comedy"
"1542226783-131","https://www.imdb.com/chart/top","The Treasure of the Sierra Madre","https://www.imdb.com/title/tt0040897/?pf_rd_m=A2FGELUUNOQJNL&pf_rd_p=e31d89dd-322d-4646-8962-327b42fe94b1&pf_rd_r=P56BEEM7AYHRBF4JMYBY&pf_rd_s=center-1&pf_rd_t=15506&pf_rd_i=top&ref_=chttp_tt_120","Adventure"
"1542226681-85","https://www.imdb.com/chart/top","Finding Nemo","https://www.imdb.com/title/tt0266543/?pf_rd_m=A2FGELUUNOQJNL&pf_rd_p=e31d89dd-322d-4646-8962-327b42fe94b1&pf_rd_r=P56BEEM7AYHRBF4JMYBY&pf_rd_s=center-1&pf_rd_t=15506&pf_rd_i=top&ref_=chttp_tt_166","Animation"
"1542226967-204","https://www.imdb.com/chart/top","The Lion King","https://www.imdb.com/title/tt0110357/?pf_rd_m=A2FGELUUNOQJNL&pf_rd_p=e31d89dd-322d-4646-8962-327b42fe94b1&pf_rd_r=P56BEEM7AYHRBF4JMYBY&pf_rd_s=center-1&pf_rd_t=15506&pf_rd_i=top&ref_=chttp_tt_47","Animation"
"1542226890-177","https://www.imdb.com/chart/top","Vertigo","https://www.imdb.com/title/tt0052357/?pf_rd_m=A2FGELUUNOQJNL&pf_rd_p=e31d89dd-322d-4646-8962-327b42fe94b1&pf_rd_r=P56BEEM7AYHRBF4JMYBY&pf_rd_s=center-1&pf_rd_t=15506&pf_rd_i=top&ref_=chttp_tt_74","Mystery"
"1542226482-2","https://www.imdb.com/chart/top","Castle in the Sky","https://www.imdb.com/title/tt0092067/?pf_rd_m=A2FGELUUNOQJNL&pf_rd_p=e31d89dd-322d-4646-8962-327b42fe94b1&pf_rd_r=P56BEEM7AYHRBF4JMYBY&pf_rd_s=center-1&pf_rd_t=15506&pf_rd_i=top&ref_=chttp_tt_249","Animation"
"1542226923-187","https://www.imdb.com/chart/top","Witness for the Prosecution","https://www.imdb.com/title/tt0051201/?pf_rd_m=A2FGELUUNOQJNL&pf_rd_p=e31d89dd-322d-4646-8962-327b42fe94b1&pf_rd_r=P56BEEM7AYHRBF4JMYBY&pf_rd_s=center-1&pf_rd_t=15506&pf_rd_i=top&ref_=chttp_tt_64","Crime"
"1542226836-154","https://www.imdb.com/chart/top","To Kill a Mockingbird","https://www.imdb.com/title/tt0056592/?pf_rd_m=A2FGELUUNOQJNL&pf_rd_p=e31d89dd-322d-4646-8962-327b42fe94b1&pf_rd_r=P56BEEM7AYHRBF4JMYBY&pf_rd_s=center-1&pf_rd_t=15506&pf_rd_i=top&ref_=chttp_tt_97","Crime"
"1542227020-226","https://www.imdb.com/chart/top","Life Is Beautiful","https://www.imdb.com/title/tt0118799/?pf_rd_m=A2FGELUUNOQJNL&pf_rd_p=e31d89dd-322d-4646-8962-327b42fe94b1&pf_rd_r=P56BEEM7AYHRBF4JMYBY&pf_rd_s=center-1&pf_rd_t=15506&pf_rd_i=top&ref_=chttp_tt_25","Comedy"
"1542227078-249","https://www.imdb.com/chart/top","The Godfather","https://www.imdb.com/title/tt0068646/?pf_rd_m=A2FGELUUNOQJNL&pf_rd_p=e31d89dd-322d-4646-8962-327b42fe94b1&pf_rd_r=P56BEEM7AYHRBF4JMYBY&pf_rd_s=center-1&pf_rd_t=15506&pf_rd_i=top&ref_=chttp_tt_2","Crime"
"1542226665-78","https://www.imdb.com/chart/top","Rebecca","https://www.imdb.com/title/tt0032976/?pf_rd_m=A2FGELUUNOQJNL&pf_rd_p=e31d89dd-322d-4646-8962-327b42fe94b1&pf_rd_r=P56BEEM7AYHRBF4JMYBY&pf_rd_s=center-1&pf_rd_t=15506&pf_rd_i=top&ref_=chttp_tt_173","Drama"
"1542226575-40","https://www.imdb.com/chart/top","Logan","https://www.imdb.com/title/tt3315342/?pf_rd_m=A2FGELUUNOQJNL&pf_rd_p=e31d89dd-322d-4646-8962-327b42fe94b1&pf_rd_r=P56BEEM7AYHRBF4JMYBY&pf_rd_s=center-1&pf_rd_t=15506&pf_rd_i=top&ref_=chttp_tt_211","Action"
"1542226687-88","https://www.imdb.com/chart/top","Fargo","https://www.imdb.com/title/tt0116282/?pf_rd_m=A2FGELUUNOQJNL&pf_rd_p=e31d89dd-322d-4646-8962-327b42fe94b1&pf_rd_r=P56BEEM7AYHRBF4JMYBY&pf_rd_s=center-1&pf_rd_t=15506&pf_rd_i=top&ref_=chttp_tt_163","Crime"
"1542226533-23","https://www.imdb.com/chart/top","Sanjuro","https://www.imdb.com/title/tt0056443/?pf_rd_m=A2FGELUUNOQJNL&pf_rd_p=e31d89dd-322d-4646-8962-327b42fe94b1&pf_rd_r=P56BEEM7AYHRBF4JMYBY&pf_rd_s=center-1&pf_rd_t=15506&pf_rd_i=top&ref_=chttp_tt_228","Action"
"1542226757-119","https://www.imdb.com/chart/top","The Third Man","https://www.imdb.com/title/tt0041959/?pf_rd_m=A2FGELUUNOQJNL&pf_rd_p=e31d89dd-322d-4646-8962-327b42fe94b1&pf_rd_r=P56BEEM7AYHRBF4JMYBY&pf_rd_s=center-1&pf_rd_t=15506&pf_rd_i=top&ref_=chttp_tt_132","Film-Noir"
"1542226912-184","https://www.imdb.com/chart/top","Oldboy","https://www.imdb.com/title/tt0364569/?pf_rd_m=A2FGELUUNOQJNL&pf_rd_p=e31d89dd-322d-4646-8962-327b42fe94b1&pf_rd_r=P56BEEM7AYHRBF4JMYBY&pf_rd_s=center-1&pf_rd_t=15506&pf_rd_i=top&ref_=chttp_tt_67","Action"
"1542226810-143","https://www.imdb.com/chart/top","L.A. Confidential","https://www.imdb.com/title/tt0119488/?pf_rd_m=A2FGELUUNOQJNL&pf_rd_p=e31d89dd-322d-4646-8962-327b42fe94b1&pf_rd_r=P56BEEM7AYHRBF4JMYBY&pf_rd_s=center-1&pf_rd_t=15506&pf_rd_i=top&ref_=chttp_tt_108","Crime"
"1542226669-80","https://www.imdb.com/chart/top","Shutter Island","https://www.imdb.com/title/tt1130884/?pf_rd_m=A2FGELUUNOQJNL&pf_rd_p=e31d89dd-322d-4646-8962-327b42fe94b1&pf_rd_r=P56BEEM7AYHRBF4JMYBY&pf_rd_s=center-1&pf_rd_t=15506&pf_rd_i=top&ref_=chttp_tt_171","Mystery"
"1542227064-243","https://www.imdb.com/chart/top","Pulp Fiction","https://www.imdb.com/title/tt0110912/?pf_rd_m=A2FGELUUNOQJNL&pf_rd_p=e31d89dd-322d-4646-8962-327b42fe94b1&pf_rd_r=P56BEEM7AYHRBF4JMYBY&pf_rd_s=center-1&pf_rd_t=15506&pf_rd_i=top&ref_=chttp_tt_8","Crime"
"1542226994-215","https://www.imdb.com/chart/top","Casablanca","https://www.imdb.com/title/tt0034583/?pf_rd_m=A2FGELUUNOQJNL&pf_rd_p=e31d89dd-322d-4646-8962-327b42fe94b1&pf_rd_r=P56BEEM7AYHRBF4JMYBY&pf_rd_s=center-1&pf_rd_t=15506&pf_rd_i=top&ref_=chttp_tt_36","Drama"
"1542227071-246","https://www.imdb.com/chart/top","12 Angry Men","https://www.imdb.com/title/tt0050083/?pf_rd_m=A2FGELUUNOQJNL&pf_rd_p=e31d89dd-322d-4646-8962-327b42fe94b1&pf_rd_r=P56BEEM7AYHRBF4JMYBY&pf_rd_s=center-1&pf_rd_t=15506&pf_rd_i=top&ref_=chttp_tt_5","Crime"
"1542226646-70","https://www.imdb.com/chart/top","Jurassic Park","https://www.imdb.com/title/tt0107290/?pf_rd_m=A2FGELUUNOQJNL&pf_rd_p=e31d89dd-322d-4646-8962-327b42fe94b1&pf_rd_r=P56BEEM7AYHRBF4JMYBY&pf_rd_s=center-1&pf_rd_t=15506&pf_rd_i=top&ref_=chttp_tt_181","Adventure"
"1542226965-203","https://www.imdb.com/chart/top","The Prestige","https://www.imdb.com/title/tt0482571/?pf_rd_m=A2FGELUUNOQJNL&pf_rd_p=e31d89dd-322d-4646-8962-327b42fe94b1&pf_rd_r=P56BEEM7AYHRBF4JMYBY&pf_rd_s=center-1&pf_rd_t=15506&pf_rd_i=top&ref_=chttp_tt_48","Drama"
"1542226928-188","https://www.imdb.com/chart/top","Princess Mononoke","https://www.imdb.com/title/tt0119698/?pf_rd_m=A2FGELUUNOQJNL&pf_rd_p=e31d89dd-322d-4646-8962-327b42fe94b1&pf_rd_r=P56BEEM7AYHRBF4JMYBY&pf_rd_s=center-1&pf_rd_t=15506&pf_rd_i=top&ref_=chttp_tt_63","Animation"
"1542226499-9","https://www.imdb.com/chart/top","Paris, Texas","https://www.imdb.com/title/tt0087884/?pf_rd_m=A2FGELUUNOQJNL&pf_rd_p=e31d89dd-322d-4646-8962-327b42fe94b1&pf_rd_r=P56BEEM7AYHRBF4JMYBY&pf_rd_s=center-1&pf_rd_t=15506&pf_rd_i=top&ref_=chttp_tt_242","Drama"
"1542226543-27","https://www.imdb.com/chart/top","Diabolique","https://www.imdb.com/title/tt0046911/?pf_rd_m=A2FGELUUNOQJNL&pf_rd_p=e31d89dd-322d-4646-8962-327b42fe94b1&pf_rd_r=P56BEEM7AYHRBF4JMYBY&pf_rd_s=center-1&pf_rd_t=15506&pf_rd_i=top&ref_=chttp_tt_224","Crime"
"1542226840-156","https://www.imdb.com/chart/top","Inglourious Basterds","https://www.imdb.com/title/tt0361748/?pf_rd_m=A2FGELUUNOQJNL&pf_rd_p=e31d89dd-322d-4646-8962-327b42fe94b1&pf_rd_r=P56BEEM7AYHRBF4JMYBY&pf_rd_s=center-1&pf_rd_t=15506&pf_rd_i=top&ref_=chttp_tt_95","Adventure"
"1542226752-117","https://www.imdb.com/chart/top","Ran","https://www.imdb.com/title/tt0089881/?pf_rd_m=A2FGELUUNOQJNL&pf_rd_p=e31d89dd-322d-4646-8962-327b42fe94b1&pf_rd_r=P56BEEM7AYHRBF4JMYBY&pf_rd_s=center-1&pf_rd_t=15506&pf_rd_i=top&ref_=chttp_tt_134","Action"
"1542226895-179","https://www.imdb.com/chart/top","Citizen Kane","https://www.imdb.com/title/tt0033467/?pf_rd_m=A2FGELUUNOQJNL&pf_rd_p=e31d89dd-322d-4646-8962-327b42fe94b1&pf_rd_r=P56BEEM7AYHRBF4JMYBY&pf_rd_s=center-1&pf_rd_t=15506&pf_rd_i=top&ref_=chttp_tt_72","Drama"
"1542226873-170","https://www.imdb.com/chart/top","Requiem for a Dream","https://www.imdb.com/title/tt0180093/?pf_rd_m=A2FGELUUNOQJNL&pf_rd_p=e31d89dd-322d-4646-8962-327b42fe94b1&pf_rd_r=P56BEEM7AYHRBF4JMYBY&pf_rd_s=center-1&pf_rd_t=15506&pf_rd_i=top&ref_=chttp_tt_81","Drama"
"1542227048-236","https://www.imdb.com/chart/top","The Lord of the Rings: The Two Towers","https://www.imdb.com/title/tt0167261/?pf_rd_m=A2FGELUUNOQJNL&pf_rd_p=e31d89dd-322d-4646-8962-327b42fe94b1&pf_rd_r=P56BEEM7AYHRBF4JMYBY&pf_rd_s=center-1&pf_rd_t=15506&pf_rd_i=top&ref_=chttp_tt_15","Adventure"
"1542226977-208","https://www.imdb.com/chart/top","Whiplash","https://www.imdb.com/title/tt2582802/?pf_rd_m=A2FGELUUNOQJNL&pf_rd_p=e31d89dd-322d-4646-8962-327b42fe94b1&pf_rd_r=P56BEEM7AYHRBF4JMYBY&pf_rd_s=center-1&pf_rd_t=15506&pf_rd_i=top&ref_=chttp_tt_43","Drama"
"1542226548-29","https://www.imdb.com/chart/top","The Maltese Falcon","https://www.imdb.com/title/tt0033870/?pf_rd_m=A2FGELUUNOQJNL&pf_rd_p=e31d89dd-322d-4646-8962-327b42fe94b1&pf_rd_r=P56BEEM7AYHRBF4JMYBY&pf_rd_s=center-1&pf_rd_t=15506&pf_rd_i=top&ref_=chttp_tt_222","Film-Noir"
"1542226497-8","https://www.imdb.com/chart/top","A Criada","https://www.imdb.com/title/tt4016934/?pf_rd_m=A2FGELUUNOQJNL&pf_rd_p=e31d89dd-322d-4646-8962-327b42fe94b1&pf_rd_r=P56BEEM7AYHRBF4JMYBY&pf_rd_s=center-1&pf_rd_t=15506&pf_rd_i=top&ref_=chttp_tt_243","Drama"
"1542226503-11","https://www.imdb.com/chart/top","Tangerines","https://www.imdb.com/title/tt2991224/?pf_rd_m=A2FGELUUNOQJNL&pf_rd_p=e31d89dd-322d-4646-8962-327b42fe94b1&pf_rd_r=P56BEEM7AYHRBF4JMYBY&pf_rd_s=center-1&pf_rd_t=15506&pf_rd_i=top&ref_=chttp_tt_240","Drama"
"1542226589-46","https://www.imdb.com/chart/top","Before Sunrise","https://www.imdb.com/title/tt0112471/?pf_rd_m=A2FGELUUNOQJNL&pf_rd_p=e31d89dd-322d-4646-8962-327b42fe94b1&pf_rd_r=P56BEEM7AYHRBF4JMYBY&pf_rd_s=center-1&pf_rd_t=15506&pf_rd_i=top&ref_=chttp_tt_205","Drama"
"1542226522-18","https://www.imdb.com/chart/top","Blade Runner 2049","https://www.imdb.com/title/tt1856101/?pf_rd_m=A2FGELUUNOQJNL&pf_rd_p=e31d89dd-322d-4646-8962-327b42fe94b1&pf_rd_r=P56BEEM7AYHRBF4JMYBY&pf_rd_s=center-1&pf_rd_t=15506&pf_rd_i=top&ref_=chttp_tt_233","Drama"
"1542226831-152","https://www.imdb.com/chart/top","The Sting","https://www.imdb.com/title/tt0070735/?pf_rd_m=A2FGELUUNOQJNL&pf_rd_p=e31d89dd-322d-4646-8962-327b42fe94b1&pf_rd_r=P56BEEM7AYHRBF4JMYBY&pf_rd_s=center-1&pf_rd_t=15506&pf_rd_i=top&ref_=chttp_tt_99","Comedy"
"1542226741-112","https://www.imdb.com/chart/top","The Bridge on the River Kwai","https://www.imdb.com/title/tt0050212/?pf_rd_m=A2FGELUUNOQJNL&pf_rd_p=e31d89dd-322d-4646-8962-327b42fe94b1&pf_rd_r=P56BEEM7AYHRBF4JMYBY&pf_rd_s=center-1&pf_rd_t=15506&pf_rd_i=top&ref_=chttp_tt_139","Adventure"
"1542226876-171","https://www.imdb.com/chart/top","Dangal","https://www.imdb.com/title/tt5074352/?pf_rd_m=A2FGELUUNOQJNL&pf_rd_p=e31d89dd-322d-4646-8962-327b42fe94b1&pf_rd_r=P56BEEM7AYHRBF4JMYBY&pf_rd_s=center-1&pf_rd_t=15506&pf_rd_i=top&ref_=chttp_tt_80","Action"
"1542226585-44","https://www.imdb.com/chart/top","The 400 Blows","https://www.imdb.com/title/tt0053198/?pf_rd_m=A2FGELUUNOQJNL&pf_rd_p=e31d89dd-322d-4646-8962-327b42fe94b1&pf_rd_r=P56BEEM7AYHRBF4JMYBY&pf_rd_s=center-1&pf_rd_t=15506&pf_rd_i=top&ref_=chttp_tt_207","Crime"
"1542226774-127","https://www.imdb.com/chart/top","Bohemian Rhapsody","https://www.imdb.com/title/tt1727824/?pf_rd_m=A2FGELUUNOQJNL&pf_rd_p=e31d89dd-322d-4646-8962-327b42fe94b1&pf_rd_r=P56BEEM7AYHRBF4JMYBY&pf_rd_s=center-1&pf_rd_t=15506&pf_rd_i=top&ref_=chttp_tt_124","Biography"
"1542226723-104","https://www.imdb.com/chart/top","The Elephant Man","https://www.imdb.com/title/tt0080678/?pf_rd_m=A2FGELUUNOQJNL&pf_rd_p=e31d89dd-322d-4646-8962-327b42fe94b1&pf_rd_r=P56BEEM7AYHRBF4JMYBY&pf_rd_s=center-1&pf_rd_t=15506&pf_rd_i=top&ref_=chttp_tt_147","Biography"
"1542226899-181","https://www.imdb.com/chart/top","Once Upon a Time in America","https://www.imdb.com/title/tt0087843/?pf_rd_m=A2FGELUUNOQJNL&pf_rd_p=e31d89dd-322d-4646-8962-327b42fe94b1&pf_rd_r=P56BEEM7AYHRBF4JMYBY&pf_rd_s=center-1&pf_rd_t=15506&pf_rd_i=top&ref_=chttp_tt_70","Crime"
"1542226691-90","https://www.imdb.com/chart/top","Gone with the Wind","https://www.imdb.com/title/tt0031381/?pf_rd_m=A2FGELUUNOQJNL&pf_rd_p=e31d89dd-322d-4646-8962-327b42fe94b1&pf_rd_r=P56BEEM7AYHRBF4JMYBY&pf_rd_s=center-1&pf_rd_t=15506&pf_rd_i=top&ref_=chttp_tt_161","Drama"
"1542226560-34","https://www.imdb.com/chart/top","Harry Potter and the Deathly Hallows: Part 2","https://www.imdb.com/title/tt1201607/?pf_rd_m=A2FGELUUNOQJNL&pf_rd_p=e31d89dd-322d-4646-8962-327b42fe94b1&pf_rd_r=P56BEEM7AYHRBF4JMYBY&pf_rd_s=center-1&pf_rd_t=15506&pf_rd_i=top&ref_=chttp_tt_217","Adventure"
"1542226936-191","https://www.imdb.com/chart/top","The Shining","https://www.imdb.com/title/tt0081505/?pf_rd_m=A2FGELUUNOQJNL&pf_rd_p=e31d89dd-322d-4646-8962-327b42fe94b1&pf_rd_r=P56BEEM7AYHRBF4JMYBY&pf_rd_s=center-1&pf_rd_t=15506&pf_rd_i=top&ref_=chttp_tt_60","Drama"
"1542226615-57","https://www.imdb.com/chart/top","Hotel Rwanda","https://www.imdb.com/title/tt0395169/?pf_rd_m=A2FGELUUNOQJNL&pf_rd_p=e31d89dd-322d-4646-8962-327b42fe94b1&pf_rd_r=P56BEEM7AYHRBF4JMYBY&pf_rd_s=center-1&pf_rd_t=15506&pf_rd_i=top&ref_=chttp_tt_194","Biography"
"1542227060-241","https://www.imdb.com/chart/top","Fight Club","https://www.imdb.com/title/tt0137523/?pf_rd_m=A2FGELUUNOQJNL&pf_rd_p=e31d89dd-322d-4646-8962-327b42fe94b1&pf_rd_r=P56BEEM7AYHRBF4JMYBY&pf_rd_s=center-1&pf_rd_t=15506&pf_rd_i=top&ref_=chttp_tt_10","Drama"
"1542227038-232","https://www.imdb.com/chart/top","Seven Samurai","https://www.imdb.com/title/tt0047478/?pf_rd_m=A2FGELUUNOQJNL&pf_rd_p=e31d89dd-322d-4646-8962-327b42fe94b1&pf_rd_r=P56BEEM7AYHRBF4JMYBY&pf_rd_s=center-1&pf_rd_t=15506&pf_rd_i=top&ref_=chttp_tt_19","Adventure"
"1542226595-48","https://www.imdb.com/chart/top","Rush","https://www.imdb.com/title/tt1979320/?pf_rd_m=A2FGELUUNOQJNL&pf_rd_p=e31d89dd-322d-4646-8962-327b42fe94b1&pf_rd_r=P56BEEM7AYHRBF4JMYBY&pf_rd_s=center-1&pf_rd_t=15506&pf_rd_i=top&ref_=chttp_tt_203","Action"
"1542226683-86","https://www.imdb.com/chart/top","The Deer Hunter","https://www.imdb.com/title/tt0077416/?pf_rd_m=A2FGELUUNOQJNL&pf_rd_p=e31d89dd-322d-4646-8962-327b42fe94b1&pf_rd_r=P56BEEM7AYHRBF4JMYBY&pf_rd_s=center-1&pf_rd_t=15506&pf_rd_i=top&ref_=chttp_tt_165","Drama"
"1542226714-100","https://www.imdb.com/chart/top","V for Vendetta","https://www.imdb.com/title/tt0434409/?pf_rd_m=A2FGELUUNOQJNL&pf_rd_p=e31d89dd-322d-4646-8962-327b42fe94b1&pf_rd_r=P56BEEM7AYHRBF4JMYBY&pf_rd_s=center-1&pf_rd_t=15506&pf_rd_i=top&ref_=chttp_tt_151","Action"
"1542227069-245","https://www.imdb.com/chart/top","Schindler's List","https://www.imdb.com/title/tt0108052/?pf_rd_m=A2FGELUUNOQJNL&pf_rd_p=e31d89dd-322d-4646-8962-327b42fe94b1&pf_rd_r=P56BEEM7AYHRBF4JMYBY&pf_rd_s=center-1&pf_rd_t=15506&pf_rd_i=top&ref_=chttp_tt_6","Biography"
"1542227003-219","https://www.imdb.com/chart/top","Psycho","https://www.imdb.com/title/tt0054215/?pf_rd_m=A2FGELUUNOQJNL&pf_rd_p=e31d89dd-322d-4646-8962-327b42fe94b1&pf_rd_r=P56BEEM7AYHRBF4JMYBY&pf_rd_s=center-1&pf_rd_t=15506&pf_rd_i=top&ref_=chttp_tt_32","Horror"
"1542226960-201","https://www.imdb.com/chart/top","Memento","https://www.imdb.com/title/tt0209144/?pf_rd_m=A2FGELUUNOQJNL&pf_rd_p=e31d89dd-322d-4646-8962-327b42fe94b1&pf_rd_r=P56BEEM7AYHRBF4JMYBY&pf_rd_s=center-1&pf_rd_t=15506&pf_rd_i=top&ref_=chttp_tt_50","Mystery"
"1542226736-110","https://www.imdb.com/chart/top","A Beautiful Mind","https://www.imdb.com/title/tt0268978/?pf_rd_m=A2FGELUUNOQJNL&pf_rd_p=e31d89dd-322d-4646-8962-327b42fe94b1&pf_rd_r=P56BEEM7AYHRBF4JMYBY&pf_rd_s=center-1&pf_rd_t=15506&pf_rd_i=top&ref_=chttp_tt_141","Biography"
"1542227024-228","https://www.imdb.com/chart/top","The Silence of the Lambs","https://www.imdb.com/title/tt0102926/?pf_rd_m=A2FGELUUNOQJNL&pf_rd_p=e31d89dd-322d-4646-8962-327b42fe94b1&pf_rd_r=P56BEEM7AYHRBF4JMYBY&pf_rd_s=center-1&pf_rd_t=15506&pf_rd_i=top&ref_=chttp_tt_23","Crime"
"1542226653-73","https://www.imdb.com/chart/top","Gone Girl","https://www.imdb.com/title/tt2267998/?pf_rd_m=A2FGELUUNOQJNL&pf_rd_p=e31d89dd-322d-4646-8962-327b42fe94b1&pf_rd_r=P56BEEM7AYHRBF4JMYBY&pf_rd_s=center-1&pf_rd_t=15506&pf_rd_i=top&ref_=chttp_tt_178","Crime"
"1542226985-211","https://www.imdb.com/chart/top","The Departed","https://www.imdb.com/title/tt0407887/?pf_rd_m=A2FGELUUNOQJNL&pf_rd_p=e31d89dd-322d-4646-8962-327b42fe94b1&pf_rd_r=P56BEEM7AYHRBF4JMYBY&pf_rd_s=center-1&pf_rd_t=15506&pf_rd_i=top&ref_=chttp_tt_40","Crime"
"1542226748-115","https://www.imdb.com/chart/top","Judgment at Nuremberg","https://www.imdb.com/title/tt0055031/?pf_rd_m=A2FGELUUNOQJNL&pf_rd_p=e31d89dd-322d-4646-8962-327b42fe94b1&pf_rd_r=P56BEEM7AYHRBF4JMYBY&pf_rd_s=center-1&pf_rd_t=15506&pf_rd_i=top&ref_=chttp_tt_136","Drama"
"1542226492-6","https://www.imdb.com/chart/top","Guardians of the Galaxy","https://www.imdb.com/title/tt2015381/?pf_rd_m=A2FGELUUNOQJNL&pf_rd_p=e31d89dd-322d-4646-8962-327b42fe94b1&pf_rd_r=P56BEEM7AYHRBF4JMYBY&pf_rd_s=center-1&pf_rd_t=15506&pf_rd_i=top&ref_=chttp_tt_245","Action"
"1542227067-244","https://www.imdb.com/chart/top","The Lord of the Rings: The Return of the King","https://www.imdb.com/title/tt0167260/?pf_rd_m=A2FGELUUNOQJNL&pf_rd_p=e31d89dd-322d-4646-8962-327b42fe94b1&pf_rd_r=P56BEEM7AYHRBF4JMYBY&pf_rd_s=center-1&pf_rd_t=15506&pf_rd_i=top&ref_=chttp_tt_7","Action"
"1542226657-75","https://www.imdb.com/chart/top","Hacksaw Ridge","https://www.imdb.com/title/tt2119532/?pf_rd_m=A2FGELUUNOQJNL&pf_rd_p=e31d89dd-322d-4646-8962-327b42fe94b1&pf_rd_r=P56BEEM7AYHRBF4JMYBY&pf_rd_s=center-1&pf_rd_t=15506&pf_rd_i=top&ref_=chttp_tt_176","Biography"
"1542226781-130","https://www.imdb.com/chart/top","Die Hard","https://www.imdb.com/title/tt0095016/?pf_rd_m=A2FGELUUNOQJNL&pf_rd_p=e31d89dd-322d-4646-8962-327b42fe94b1&pf_rd_r=P56BEEM7AYHRBF4JMYBY&pf_rd_s=center-1&pf_rd_t=15506&pf_rd_i=top&ref_=chttp_tt_121","Action"
"1542226850-160","https://www.imdb.com/chart/top","Toy Story","https://www.imdb.com/title/tt0114709/?pf_rd_m=A2FGELUUNOQJNL&pf_rd_p=e31d89dd-322d-4646-8962-327b42fe94b1&pf_rd_r=P56BEEM7AYHRBF4JMYBY&pf_rd_s=center-1&pf_rd_t=15506&pf_rd_i=top&ref_=chttp_tt_91","Animation"
"1542227035-231","https://www.imdb.com/chart/top","City of God","https://www.imdb.com/title/tt0317248/?pf_rd_m=A2FGELUUNOQJNL&pf_rd_p=e31d89dd-322d-4646-8962-327b42fe94b1&pf_rd_r=P56BEEM7AYHRBF4JMYBY&pf_rd_s=center-1&pf_rd_t=15506&pf_rd_i=top&ref_=chttp_tt_20","Crime"
"1542226704-96","https://www.imdb.com/chart/top","Wild Strawberries","https://www.imdb.com/title/tt0050986/?pf_rd_m=A2FGELUUNOQJNL&pf_rd_p=e31d89dd-322d-4646-8962-327b42fe94b1&pf_rd_r=P56BEEM7AYHRBF4JMYBY&pf_rd_s=center-1&pf_rd_t=15506&pf_rd_i=top&ref_=chttp_tt_155","Drama"
"1542226915-185","https://www.imdb.com/chart/top","The Dark Knight Rises","https://www.imdb.com/title/tt1345836/?pf_rd_m=A2FGELUUNOQJNL&pf_rd_p=e31d89dd-322d-4646-8962-327b42fe94b1&pf_rd_r=P56BEEM7AYHRBF4JMYBY&pf_rd_s=center-1&pf_rd_t=15506&pf_rd_i=top&ref_=chttp_tt_66","Action"
"1542226553-31","https://www.imdb.com/chart/top","Monsters, Inc.","https://www.imdb.com/title/tt0198781/?pf_rd_m=A2FGELUUNOQJNL&pf_rd_p=e31d89dd-322d-4646-8962-327b42fe94b1&pf_rd_r=P56BEEM7AYHRBF4JMYBY&pf_rd_s=center-1&pf_rd_t=15506&pf_rd_i=top&ref_=chttp_tt_220","Animation"
"1542226624-61","https://www.imdb.com/chart/top","A Star Is Born","https://www.imdb.com/title/tt1517451/?pf_rd_m=A2FGELUUNOQJNL&pf_rd_p=e31d89dd-322d-4646-8962-327b42fe94b1&pf_rd_r=P56BEEM7AYHRBF4JMYBY&pf_rd_s=center-1&pf_rd_t=15506&pf_rd_i=top&ref_=chttp_tt_190","Drama"
"1542226864-166","https://www.imdb.com/chart/top","Eternal Sunshine of the Spotless Mind","https://www.imdb.com/title/tt0338013/?pf_rd_m=A2FGELUUNOQJNL&pf_rd_p=e31d89dd-322d-4646-8962-327b42fe94b1&pf_rd_r=P56BEEM7AYHRBF4JMYBY&pf_rd_s=center-1&pf_rd_t=15506&pf_rd_i=top&ref_=chttp_tt_85","Drama"
"1542227010-222","https://www.imdb.com/chart/top","Léon: The Professional","https://www.imdb.com/title/tt0110413/?pf_rd_m=A2FGELUUNOQJNL&pf_rd_p=e31d89dd-322d-4646-8962-327b42fe94b1&pf_rd_r=P56BEEM7AYHRBF4JMYBY&pf_rd_s=center-1&pf_rd_t=15506&pf_rd_i=top&ref_=chttp_tt_29","Crime"
"1542226862-165","https://www.imdb.com/chart/top","A Clockwork Orange","https://www.imdb.com/title/tt0066921/?pf_rd_m=A2FGELUUNOQJNL&pf_rd_p=e31d89dd-322d-4646-8962-327b42fe94b1&pf_rd_r=P56BEEM7AYHRBF4JMYBY&pf_rd_s=center-1&pf_rd_t=15506&pf_rd_i=top&ref_=chttp_tt_86","Crime"
"1542226517-16","https://www.imdb.com/chart/top","La La Land","https://www.imdb.com/title/tt3783958/?pf_rd_m=A2FGELUUNOQJNL&pf_rd_p=e31d89dd-322d-4646-8962-327b42fe94b1&pf_rd_r=P56BEEM7AYHRBF4JMYBY&pf_rd_s=center-1&pf_rd_t=15506&pf_rd_i=top&ref_=chttp_tt_235","Comedy"
"1542226941-193","https://www.imdb.com/chart/top","Dr. Strangelove or: How I Learned to Stop Worrying and Love the Bomb","https://www.imdb.com/title/tt0057012/?pf_rd_m=A2FGELUUNOQJNL&pf_rd_p=e31d89dd-322d-4646-8962-327b42fe94b1&pf_rd_r=P56BEEM7AYHRBF4JMYBY&pf_rd_s=center-1&pf_rd_t=15506&pf_rd_i=top&ref_=chttp_tt_58","Comedy"
"1542226597-49","https://www.imdb.com/chart/top","Andrei Rublev","https://www.imdb.com/title/tt0060107/?pf_rd_m=A2FGELUUNOQJNL&pf_rd_p=e31d89dd-322d-4646-8962-327b42fe94b1&pf_rd_r=P56BEEM7AYHRBF4JMYBY&pf_rd_s=center-1&pf_rd_t=15506&pf_rd_i=top&ref_=chttp_tt_202","Biography"
"1542226958-200","https://www.imdb.com/chart/top","Alien","https://www.imdb.com/title/tt0078748/?pf_rd_m=A2FGELUUNOQJNL&pf_rd_p=e31d89dd-322d-4646-8962-327b42fe94b1&pf_rd_r=P56BEEM7AYHRBF4JMYBY&pf_rd_s=center-1&pf_rd_t=15506&pf_rd_i=top&ref_=chttp_tt_51","Horror"
"1542226541-26","https://www.imdb.com/chart/top","The Terminator","https://www.imdb.com/title/tt0088247/?pf_rd_m=A2FGELUUNOQJNL&pf_rd_p=e31d89dd-322d-4646-8962-327b42fe94b1&pf_rd_r=P56BEEM7AYHRBF4JMYBY&pf_rd_s=center-1&pf_rd_t=15506&pf_rd_i=top&ref_=chttp_tt_225","Action"
"1542226745-114","https://www.imdb.com/chart/top","The Secret in Their Eyes","https://www.imdb.com/title/tt1305806/?pf_rd_m=A2FGELUUNOQJNL&pf_rd_p=e31d89dd-322d-4646-8962-327b42fe94b1&pf_rd_r=P56BEEM7AYHRBF4JMYBY&pf_rd_s=center-1&pf_rd_t=15506&pf_rd_i=top&ref_=chttp_tt_137","Drama"
"1542226546-28","https://www.imdb.com/chart/top","Donnie Darko","https://www.imdb.com/title/tt0246578/?pf_rd_m=A2FGELUUNOQJNL&pf_rd_p=e31d89dd-322d-4646-8962-327b42fe94b1&pf_rd_r=P56BEEM7AYHRBF4JMYBY&pf_rd_s=center-1&pf_rd_t=15506&pf_rd_i=top&ref_=chttp_tt_223","Drama"
"1542226604-52","https://www.imdb.com/chart/top","Million Dollar Baby","https://www.imdb.com/title/tt0405159/?pf_rd_m=A2FGELUUNOQJNL&pf_rd_p=e31d89dd-322d-4646-8962-327b42fe94b1&pf_rd_r=P56BEEM7AYHRBF4JMYBY&pf_rd_s=center-1&pf_rd_t=15506&pf_rd_i=top&ref_=chttp_tt_199","Drama"
"1542226956-199","https://www.imdb.com/chart/top","Avengers: Infinity War","https://www.imdb.com/title/tt4154756/?pf_rd_m=A2FGELUUNOQJNL&pf_rd_p=e31d89dd-322d-4646-8962-327b42fe94b1&pf_rd_r=P56BEEM7AYHRBF4JMYBY&pf_rd_s=center-1&pf_rd_t=15506&pf_rd_i=top&ref_=chttp_tt_52","Action"
"1542226527-20","https://www.imdb.com/chart/top","The Nights of Cabiria","https://www.imdb.com/title/tt0050783/?pf_rd_m=A2FGELUUNOQJNL&pf_rd_p=e31d89dd-322d-4646-8962-327b42fe94b1&pf_rd_r=P56BEEM7AYHRBF4JMYBY&pf_rd_s=center-1&pf_rd_t=15506&pf_rd_i=top&ref_=chttp_tt_231","Drama"
"1542226739-111","https://www.imdb.com/chart/top","Three Billboards Outside Ebbing, Missouri","https://www.imdb.com/title/tt5027774/?pf_rd_m=A2FGELUUNOQJNL&pf_rd_p=e31d89dd-322d-4646-8962-327b42fe94b1&pf_rd_r=P56BEEM7AYHRBF4JMYBY&pf_rd_s=center-1&pf_rd_t=15506&pf_rd_i=top&ref_=chttp_tt_140","Comedy"
"1542226857-163","https://www.imdb.com/chart/top","2001: A Space Odyssey","https://www.imdb.com/title/tt0062622/?pf_rd_m=A2FGELUUNOQJNL&pf_rd_p=e31d89dd-322d-4646-8962-327b42fe94b1&pf_rd_r=P56BEEM7AYHRBF4JMYBY&pf_rd_s=center-1&pf_rd_t=15506&pf_rd_i=top&ref_=chttp_tt_88","Adventure"
"1542226805-141","https://www.imdb.com/chart/top","A Separation","https://www.imdb.com/title/tt1832382/?pf_rd_m=A2FGELUUNOQJNL&pf_rd_p=e31d89dd-322d-4646-8962-327b42fe94b1&pf_rd_r=P56BEEM7AYHRBF4JMYBY&pf_rd_s=center-1&pf_rd_t=15506&pf_rd_i=top&ref_=chttp_tt_110","Crime"
"1542226613-56","https://www.imdb.com/chart/top","Persona","https://www.imdb.com/title/tt0060827/?pf_rd_m=A2FGELUUNOQJNL&pf_rd_p=e31d89dd-322d-4646-8962-327b42fe94b1&pf_rd_r=P56BEEM7AYHRBF4JMYBY&pf_rd_s=center-1&pf_rd_t=15506&pf_rd_i=top&ref_=chttp_tt_195","Drama"
"1542226763-122","https://www.imdb.com/chart/top","Meu Pai e Meu Filho","https://www.imdb.com/title/tt0476735/?pf_rd_m=A2FGELUUNOQJNL&pf_rd_p=e31d89dd-322d-4646-8962-327b42fe94b1&pf_rd_r=P56BEEM7AYHRBF4JMYBY&pf_rd_s=center-1&pf_rd_t=15506&pf_rd_i=top&ref_=chttp_tt_129","Drama"
"1542226587-45","https://www.imdb.com/chart/top","Mad Max: Fury Road","https://www.imdb.com/title/tt1392190/?pf_rd_m=A2FGELUUNOQJNL&pf_rd_p=e31d89dd-322d-4646-8962-327b42fe94b1&pf_rd_r=P56BEEM7AYHRBF4JMYBY&pf_rd_s=center-1&pf_rd_t=15506&pf_rd_i=top&ref_=chttp_tt_206","Action"
"1542227016-225","https://www.imdb.com/chart/top","The Usual Suspects","https://www.imdb.com/title/tt0114814/?pf_rd_m=A2FGELUUNOQJNL&pf_rd_p=e31d89dd-322d-4646-8962-327b42fe94b1&pf_rd_r=P56BEEM7AYHRBF4JMYBY&pf_rd_s=center-1&pf_rd_t=15506&pf_rd_i=top&ref_=chttp_tt_26","Crime"
"1542226689-89","https://www.imdb.com/chart/top","The Thing","https://www.imdb.com/title/tt0084787/?pf_rd_m=A2FGELUUNOQJNL&pf_rd_p=e31d89dd-322d-4646-8962-327b42fe94b1&pf_rd_r=P56BEEM7AYHRBF4JMYBY&pf_rd_s=center-1&pf_rd_t=15506&pf_rd_i=top&ref_=chttp_tt_162","Horror"
"1542226709-98","https://www.imdb.com/chart/top","Blade Runner","https://www.imdb.com/title/tt0083658/?pf_rd_m=A2FGELUUNOQJNL&pf_rd_p=e31d89dd-322d-4646-8962-327b42fe94b1&pf_rd_r=P56BEEM7AYHRBF4JMYBY&pf_rd_s=center-1&pf_rd_t=15506&pf_rd_i=top&ref_=chttp_tt_153","Sci-Fi"
"1542226813-144","https://www.imdb.com/chart/top","The Apartment","https://www.imdb.com/title/tt0053604/?pf_rd_m=A2FGELUUNOQJNL&pf_rd_p=e31d89dd-322d-4646-8962-327b42fe94b1&pf_rd_r=P56BEEM7AYHRBF4JMYBY&pf_rd_s=center-1&pf_rd_t=15506&pf_rd_i=top&ref_=chttp_tt_107","Comedy"
"1542226826-150","https://www.imdb.com/chart/top","Good Will Hunting","https://www.imdb.com/title/tt0119217/?pf_rd_m=A2FGELUUNOQJNL&pf_rd_p=e31d89dd-322d-4646-8962-327b42fe94b1&pf_rd_r=P56BEEM7AYHRBF4JMYBY&pf_rd_s=center-1&pf_rd_t=15506&pf_rd_i=top&ref_=chttp_tt_101","Drama"
"1542227012-223","https://www.imdb.com/chart/top","Saving Private Ryan","https://www.imdb.com/title/tt0120815/?pf_rd_m=A2FGELUUNOQJNL&pf_rd_p=e31d89dd-322d-4646-8962-327b42fe94b1&pf_rd_r=P56BEEM7AYHRBF4JMYBY&pf_rd_s=center-1&pf_rd_t=15506&pf_rd_i=top&ref_=chttp_tt_28","Drama"
"1542226982-210","https://www.imdb.com/chart/top","Terminator 2: Judgment Day","https://www.imdb.com/title/tt0103064/?pf_rd_m=A2FGELUUNOQJNL&pf_rd_p=e31d89dd-322d-4646-8962-327b42fe94b1&pf_rd_r=P56BEEM7AYHRBF4JMYBY&pf_rd_s=center-1&pf_rd_t=15506&pf_rd_i=top&ref_=chttp_tt_41","Action"
"1542226883-174","https://www.imdb.com/chart/top","Star Wars: Episode VI - Return of the Jedi","https://www.imdb.com/title/tt0086190/?pf_rd_m=A2FGELUUNOQJNL&pf_rd_p=e31d89dd-322d-4646-8962-327b42fe94b1&pf_rd_r=P56BEEM7AYHRBF4JMYBY&pf_rd_s=center-1&pf_rd_t=15506&pf_rd_i=top&ref_=chttp_tt_77","Action"
"1542226602-51","https://www.imdb.com/chart/top","The Passion of Joan of Arc","https://www.imdb.com/title/tt0019254/?pf_rd_m=A2FGELUUNOQJNL&pf_rd_p=e31d89dd-322d-4646-8962-327b42fe94b1&pf_rd_r=P56BEEM7AYHRBF4JMYBY&pf_rd_s=center-1&pf_rd_t=15506&pf_rd_i=top&ref_=chttp_tt_200","Biography"
"1542226641-68","https://www.imdb.com/chart/top","The Bandit","https://www.imdb.com/title/tt0116231/?pf_rd_m=A2FGELUUNOQJNL&pf_rd_p=e31d89dd-322d-4646-8962-327b42fe94b1&pf_rd_r=P56BEEM7AYHRBF4JMYBY&pf_rd_s=center-1&pf_rd_t=15506&pf_rd_i=top&ref_=chttp_tt_183","Crime"
"1542226510-13","https://www.imdb.com/chart/top","Paper Moon","https://www.imdb.com/title/tt0070510/?pf_rd_m=A2FGELUUNOQJNL&pf_rd_p=e31d89dd-322d-4646-8962-327b42fe94b1&pf_rd_r=P56BEEM7AYHRBF4JMYBY&pf_rd_s=center-1&pf_rd_t=15506&pf_rd_i=top&ref_=chttp_tt_238","Comedy"
"1542226580-42","https://www.imdb.com/chart/top","Prisoners","https://www.imdb.com/title/tt1392214/?pf_rd_m=A2FGELUUNOQJNL&pf_rd_p=e31d89dd-322d-4646-8962-327b42fe94b1&pf_rd_r=P56BEEM7AYHRBF4JMYBY&pf_rd_s=center-1&pf_rd_t=15506&pf_rd_i=top&ref_=chttp_tt_209","Crime"
"1542226519-17","https://www.imdb.com/chart/top","Jaws","https://www.imdb.com/title/tt0073195/?pf_rd_m=A2FGELUUNOQJNL&pf_rd_p=e31d89dd-322d-4646-8962-327b42fe94b1&pf_rd_r=P56BEEM7AYHRBF4JMYBY&pf_rd_s=center-1&pf_rd_t=15506&pf_rd_i=top&ref_=chttp_tt_234","Adventure"
"1542227005-220","https://www.imdb.com/chart/top","Interstellar","https://www.imdb.com/title/tt0816692/?pf_rd_m=A2FGELUUNOQJNL&pf_rd_p=e31d89dd-322d-4646-8962-327b42fe94b1&pf_rd_r=P56BEEM7AYHRBF4JMYBY&pf_rd_s=center-1&pf_rd_t=15506&pf_rd_i=top&ref_=chttp_tt_31","Adventure"
"1542227080-250","https://www.imdb.com/chart/top","The Shawshank Redemption","https://www.imdb.com/title/tt0111161/?pf_rd_m=A2FGELUUNOQJNL&pf_rd_p=e31d89dd-322d-4646-8962-327b42fe94b1&pf_rd_r=P56BEEM7AYHRBF4JMYBY&pf_rd_s=center-1&pf_rd_t=15506&pf_rd_i=top&ref_=chttp_tt_1","Drama"
"1542226790-134","https://www.imdb.com/chart/top","Some Like It Hot","https://www.imdb.com/title/tt0053291/?pf_rd_m=A2FGELUUNOQJNL&pf_rd_p=e31d89dd-322d-4646-8962-327b42fe94b1&pf_rd_r=P56BEEM7AYHRBF4JMYBY&pf_rd_s=center-1&pf_rd_t=15506&pf_rd_i=top&ref_=chttp_tt_117","Comedy"
"1542226573-39","https://www.imdb.com/chart/top","Amores Perros","https://www.imdb.com/title/tt0245712/?pf_rd_m=A2FGELUUNOQJNL&pf_rd_p=e31d89dd-322d-4646-8962-327b42fe94b1&pf_rd_r=P56BEEM7AYHRBF4JMYBY&pf_rd_s=center-1&pf_rd_t=15506&pf_rd_i=top&ref_=chttp_tt_212","Drama"
"1542226620-59","https://www.imdb.com/chart/top","Network","https://www.imdb.com/title/tt0074958/?pf_rd_m=A2FGELUUNOQJNL&pf_rd_p=e31d89dd-322d-4646-8962-327b42fe94b1&pf_rd_r=P56BEEM7AYHRBF4JMYBY&pf_rd_s=center-1&pf_rd_t=15506&pf_rd_i=top&ref_=chttp_tt_192","Drama"
"1542226643-69","https://www.imdb.com/chart/top","Into the Wild","https://www.imdb.com/title/tt0758758/?pf_rd_m=A2FGELUUNOQJNL&pf_rd_p=e31d89dd-322d-4646-8962-327b42fe94b1&pf_rd_r=P56BEEM7AYHRBF4JMYBY&pf_rd_s=center-1&pf_rd_t=15506&pf_rd_i=top&ref_=chttp_tt_182","Adventure"
"1542226609-54","https://www.imdb.com/chart/top","Memories of Murder","https://www.imdb.com/title/tt0353969/?pf_rd_m=A2FGELUUNOQJNL&pf_rd_p=e31d89dd-322d-4646-8962-327b42fe94b1&pf_rd_r=P56BEEM7AYHRBF4JMYBY&pf_rd_s=center-1&pf_rd_t=15506&pf_rd_i=top&ref_=chttp_tt_197","Action"
"1542226869-168","https://www.imdb.com/chart/top","Como Estrelas na Terra","https://www.imdb.com/title/tt0986264/?pf_rd_m=A2FGELUUNOQJNL&pf_rd_p=e31d89dd-322d-4646-8962-327b42fe94b1&pf_rd_r=P56BEEM7AYHRBF4JMYBY&pf_rd_s=center-1&pf_rd_t=15506&pf_rd_i=top&ref_=chttp_tt_83","Drama"
"1542226506-12","https://www.imdb.com/chart/top","Gangues de Wasseypur","https://www.imdb.com/title/tt1954470/?pf_rd_m=A2FGELUUNOQJNL&pf_rd_p=e31d89dd-322d-4646-8962-327b42fe94b1&pf_rd_r=P56BEEM7AYHRBF4JMYBY&pf_rd_s=center-1&pf_rd_t=15506&pf_rd_i=top&ref_=chttp_tt_239","Action"
"1542227040-233","https://www.imdb.com/chart/top","The Matrix","https://www.imdb.com/title/tt0133093/?pf_rd_m=A2FGELUUNOQJNL&pf_rd_p=e31d89dd-322d-4646-8962-327b42fe94b1&pf_rd_r=P56BEEM7AYHRBF4JMYBY&pf_rd_s=center-1&pf_rd_t=15506&pf_rd_i=top&ref_=chttp_tt_18","Action"
"1542226501-10","https://www.imdb.com/chart/top","Before Sunset","https://www.imdb.com/title/tt0381681/?pf_rd_m=A2FGELUUNOQJNL&pf_rd_p=e31d89dd-322d-4646-8962-327b42fe94b1&pf_rd_r=P56BEEM7AYHRBF4JMYBY&pf_rd_s=center-1&pf_rd_t=15506&pf_rd_i=top&ref_=chttp_tt_241","Drama"
"1542226539-25","https://www.imdb.com/chart/top","Dead Poets Society","https://www.imdb.com/title/tt0097165/?pf_rd_m=A2FGELUUNOQJNL&pf_rd_p=e31d89dd-322d-4646-8962-327b42fe94b1&pf_rd_r=P56BEEM7AYHRBF4JMYBY&pf_rd_s=center-1&pf_rd_t=15506&pf_rd_i=top&ref_=chttp_tt_226","Comedy"
"1542226917-186","https://www.imdb.com/chart/top","American Beauty","https://www.imdb.com/title/tt0169547/?pf_rd_m=A2FGELUUNOQJNL&pf_rd_p=e31d89dd-322d-4646-8962-327b42fe94b1&pf_rd_r=P56BEEM7AYHRBF4JMYBY&pf_rd_s=center-1&pf_rd_t=15506&pf_rd_i=top&ref_=chttp_tt_65","Drama"
"1542226989-213","https://www.imdb.com/chart/top","The Intouchables","https://www.imdb.com/title/tt1675434/?pf_rd_m=A2FGELUUNOQJNL&pf_rd_p=e31d89dd-322d-4646-8962-327b42fe94b1&pf_rd_r=P56BEEM7AYHRBF4JMYBY&pf_rd_s=center-1&pf_rd_t=15506&pf_rd_i=top&ref_=chttp_tt_38","Biography"
"1542226726-105","https://www.imdb.com/chart/top","Inside Out","https://www.imdb.com/title/tt2096673/?pf_rd_m=A2FGELUUNOQJNL&pf_rd_p=e31d89dd-322d-4646-8962-327b42fe94b1&pf_rd_r=P56BEEM7AYHRBF4JMYBY&pf_rd_s=center-1&pf_rd_t=15506&pf_rd_i=top&ref_=chttp_tt_146","Animation"
"1542226803-140","https://www.imdb.com/chart/top","Indiana Jones and the Last Crusade","https://www.imdb.com/title/tt0097576/?pf_rd_m=A2FGELUUNOQJNL&pf_rd_p=e31d89dd-322d-4646-8962-327b42fe94b1&pf_rd_r=P56BEEM7AYHRBF4JMYBY&pf_rd_s=center-1&pf_rd_t=15506&pf_rd_i=top&ref_=chttp_tt_111","Action"
"1542226969-205","https://www.imdb.com/chart/top","Gladiator","https://www.imdb.com/title/tt0172495/?pf_rd_m=A2FGELUUNOQJNL&pf_rd_p=e31d89dd-322d-4646-8962-327b42fe94b1&pf_rd_r=P56BEEM7AYHRBF4JMYBY&pf_rd_s=center-1&pf_rd_t=15506&pf_rd_i=top&ref_=chttp_tt_46","Action"
"1542226732-108","https://www.imdb.com/chart/top","On the Waterfront","https://www.imdb.com/title/tt0047296/?pf_rd_m=A2FGELUUNOQJNL&pf_rd_p=e31d89dd-322d-4646-8962-327b42fe94b1&pf_rd_r=P56BEEM7AYHRBF4JMYBY&pf_rd_s=center-1&pf_rd_t=15506&pf_rd_i=top&ref_=chttp_tt_143","Crime"
"1542226946-195","https://www.imdb.com/chart/top","Sunset Boulevard","https://www.imdb.com/title/tt0043014/?pf_rd_m=A2FGELUUNOQJNL&pf_rd_p=e31d89dd-322d-4646-8962-327b42fe94b1&pf_rd_r=P56BEEM7AYHRBF4JMYBY&pf_rd_s=center-1&pf_rd_t=15506&pf_rd_i=top&ref_=chttp_tt_56","Drama"
"1542226622-60","https://www.imdb.com/chart/top","The Truman Show","https://www.imdb.com/title/tt0120382/?pf_rd_m=A2FGELUUNOQJNL&pf_rd_p=e31d89dd-322d-4646-8962-327b42fe94b1&pf_rd_r=P56BEEM7AYHRBF4JMYBY&pf_rd_s=center-1&pf_rd_t=15506&pf_rd_i=top&ref_=chttp_tt_191","Comedy"
"1542226700-94","https://www.imdb.com/chart/top","Trainspotting","https://www.imdb.com/title/tt0117951/?pf_rd_m=A2FGELUUNOQJNL&pf_rd_p=e31d89dd-322d-4646-8962-327b42fe94b1&pf_rd_r=P56BEEM7AYHRBF4JMYBY&pf_rd_s=center-1&pf_rd_t=15506&pf_rd_i=top&ref_=chttp_tt_157","Drama"
"1542226938-192","https://www.imdb.com/chart/top","Paths of Glory","https://www.imdb.com/title/tt0050825/?pf_rd_m=A2FGELUUNOQJNL&pf_rd_p=e31d89dd-322d-4646-8962-327b42fe94b1&pf_rd_r=P56BEEM7AYHRBF4JMYBY&pf_rd_s=center-1&pf_rd_t=15506&pf_rd_i=top&ref_=chttp_tt_59","Drama"
"1542226607-53","https://www.imdb.com/chart/top","12 Years a Slave","https://www.imdb.com/title/tt2024544/?pf_rd_m=A2FGELUUNOQJNL&pf_rd_p=e31d89dd-322d-4646-8962-327b42fe94b1&pf_rd_r=P56BEEM7AYHRBF4JMYBY&pf_rd_s=center-1&pf_rd_t=15506&pf_rd_i=top&ref_=chttp_tt_198","Biography"
"1542227073-247","https://www.imdb.com/chart/top","The Dark Knight","https://www.imdb.com/title/tt0468569/?pf_rd_m=A2FGELUUNOQJNL&pf_rd_p=e31d89dd-322d-4646-8962-327b42fe94b1&pf_rd_r=P56BEEM7AYHRBF4JMYBY&pf_rd_s=center-1&pf_rd_t=15506&pf_rd_i=top&ref_=chttp_tt_4","Action"
"1542226734-109","https://www.imdb.com/chart/top","Lock, Stock and Two Smoking Barrels","https://www.imdb.com/title/tt0120735/?pf_rd_m=A2FGELUUNOQJNL&pf_rd_p=e31d89dd-322d-4646-8962-327b42fe94b1&pf_rd_r=P56BEEM7AYHRBF4JMYBY&pf_rd_s=center-1&pf_rd_t=15506&pf_rd_i=top&ref_=chttp_tt_142","Comedy"
"1542226750-116","https://www.imdb.com/chart/top","Howl's Moving Castle","https://www.imdb.com/title/tt0347149/?pf_rd_m=A2FGELUUNOQJNL&pf_rd_p=e31d89dd-322d-4646-8962-327b42fe94b1&pf_rd_r=P56BEEM7AYHRBF4JMYBY&pf_rd_s=center-1&pf_rd_t=15506&pf_rd_i=top&ref_=chttp_tt_135","Animation"
"1542226673-82","https://www.imdb.com/chart/top","The Big Lebowski","https://www.imdb.com/title/tt0118715/?pf_rd_m=A2FGELUUNOQJNL&pf_rd_p=e31d89dd-322d-4646-8962-327b42fe94b1&pf_rd_r=P56BEEM7AYHRBF4JMYBY&pf_rd_s=center-1&pf_rd_t=15506&pf_rd_i=top&ref_=chttp_tt_169","Comedy"
"1542226765-123","https://www.imdb.com/chart/top","Children of Heaven","https://www.imdb.com/title/tt0118849/?pf_rd_m=A2FGELUUNOQJNL&pf_rd_p=e31d89dd-322d-4646-8962-327b42fe94b1&pf_rd_r=P56BEEM7AYHRBF4JMYBY&pf_rd_s=center-1&pf_rd_t=15506&pf_rd_i=top&ref_=chttp_tt_128","Drama"
"1542226529-21","https://www.imdb.com/chart/top","Groundhog Day","https://www.imdb.com/title/tt0107048/?pf_rd_m=A2FGELUUNOQJNL&pf_rd_p=e31d89dd-322d-4646-8962-327b42fe94b1&pf_rd_r=P56BEEM7AYHRBF4JMYBY&pf_rd_s=center-1&pf_rd_t=15506&pf_rd_i=top&ref_=chttp_tt_230","Comedy"
"1542226551-30","https://www.imdb.com/chart/top","The Grapes of Wrath","https://www.imdb.com/title/tt0032551/?pf_rd_m=A2FGELUUNOQJNL&pf_rd_p=e31d89dd-322d-4646-8962-327b42fe94b1&pf_rd_r=P56BEEM7AYHRBF4JMYBY&pf_rd_s=center-1&pf_rd_t=15506&pf_rd_i=top&ref_=chttp_tt_221","Drama"
"1542226943-194","https://www.imdb.com/chart/top","The Lives of Others","https://www.imdb.com/title/tt0405094/?pf_rd_m=A2FGELUUNOQJNL&pf_rd_p=e31d89dd-322d-4646-8962-327b42fe94b1&pf_rd_r=P56BEEM7AYHRBF4JMYBY&pf_rd_s=center-1&pf_rd_t=15506&pf_rd_i=top&ref_=chttp_tt_57","Drama"
"1542226577-41","https://www.imdb.com/chart/top","Hachi: A Dog's Tale","https://www.imdb.com/title/tt1028532/?pf_rd_m=A2FGELUUNOQJNL&pf_rd_p=e31d89dd-322d-4646-8962-327b42fe94b1&pf_rd_r=P56BEEM7AYHRBF4JMYBY&pf_rd_s=center-1&pf_rd_t=15506&pf_rd_i=top&ref_=chttp_tt_210","Drama"
"1542226878-172","https://www.imdb.com/chart/top","Your Name.","https://www.imdb.com/title/tt5311514/?pf_rd_m=A2FGELUUNOQJNL&pf_rd_p=e31d89dd-322d-4646-8962-327b42fe94b1&pf_rd_r=P56BEEM7AYHRBF4JMYBY&pf_rd_s=center-1&pf_rd_t=15506&pf_rd_i=top&ref_=chttp_tt_79","Animation"
"1542226996-216","https://www.imdb.com/chart/top","Once Upon a Time in the West","https://www.imdb.com/title/tt0064116/?pf_rd_m=A2FGELUUNOQJNL&pf_rd_p=e31d89dd-322d-4646-8962-327b42fe94b1&pf_rd_r=P56BEEM7AYHRBF4JMYBY&pf_rd_s=center-1&pf_rd_t=15506&pf_rd_i=top&ref_=chttp_tt_35","Western"
"1542227043-234","https://www.imdb.com/chart/top","Goodfellas","https://www.imdb.com/title/tt0099685/?pf_rd_m=A2FGELUUNOQJNL&pf_rd_p=e31d89dd-322d-4646-8962-327b42fe94b1&pf_rd_r=P56BEEM7AYHRBF4JMYBY&pf_rd_s=center-1&pf_rd_t=15506&pf_rd_i=top&ref_=chttp_tt_17","Crime"
"1542226479-1","https://www.imdb.com/chart/top","8½","https://www.imdb.com/title/tt0056801/?pf_rd_m=A2FGELUUNOQJNL&pf_rd_p=e31d89dd-322d-4646-8962-327b42fe94b1&pf_rd_r=P56BEEM7AYHRBF4JMYBY&pf_rd_s=center-1&pf_rd_t=15506&pf_rd_i=top&ref_=chttp_tt_250","Drama"
"1542226651-72","https://www.imdb.com/chart/top","How to Train Your Dragon","https://www.imdb.com/title/tt0892769/?pf_rd_m=A2FGELUUNOQJNL&pf_rd_p=e31d89dd-322d-4646-8962-327b42fe94b1&pf_rd_r=P56BEEM7AYHRBF4JMYBY&pf_rd_s=center-1&pf_rd_t=15506&pf_rd_i=top&ref_=chttp_tt_179","Animation"
"1542226671-81","https://www.imdb.com/chart/top","Kill Bill: Vol. 1","https://www.imdb.com/title/tt0266697/?pf_rd_m=A2FGELUUNOQJNL&pf_rd_p=e31d89dd-322d-4646-8962-327b42fe94b1&pf_rd_r=P56BEEM7AYHRBF4JMYBY&pf_rd_s=center-1&pf_rd_t=15506&pf_rd_i=top&ref_=chttp_tt_170","Action"
"1542226880-173","https://www.imdb.com/chart/top","M","https://www.imdb.com/title/tt0022100/?pf_rd_m=A2FGELUUNOQJNL&pf_rd_p=e31d89dd-322d-4646-8962-327b42fe94b1&pf_rd_r=P56BEEM7AYHRBF4JMYBY&pf_rd_s=center-1&pf_rd_t=15506&pf_rd_i=top&ref_=chttp_tt_78","Crime"
"1542226634-65","https://www.imdb.com/chart/top","In the Name of the Father","https://www.imdb.com/title/tt0107207/?pf_rd_m=A2FGELUUNOQJNL&pf_rd_p=e31d89dd-322d-4646-8962-327b42fe94b1&pf_rd_r=P56BEEM7AYHRBF4JMYBY&pf_rd_s=center-1&pf_rd_t=15506&pf_rd_i=top&ref_=chttp_tt_186","Biography"
"1542226707-97","https://www.imdb.com/chart/top","The General","https://www.imdb.com/title/tt0017925/?pf_rd_m=A2FGELUUNOQJNL&pf_rd_p=e31d89dd-322d-4646-8962-327b42fe94b1&pf_rd_r=P56BEEM7AYHRBF4JMYBY&pf_rd_s=center-1&pf_rd_t=15506&pf_rd_i=top&ref_=chttp_tt_154","Action"
"1542226794-136","https://www.imdb.com/chart/top","Yojimbo","https://www.imdb.com/title/tt0055630/?pf_rd_m=A2FGELUUNOQJNL&pf_rd_p=e31d89dd-322d-4646-8962-327b42fe94b1&pf_rd_r=P56BEEM7AYHRBF4JMYBY&pf_rd_s=center-1&pf_rd_t=15506&pf_rd_i=top&ref_=chttp_tt_115","Action"
"1542226886-175","https://www.imdb.com/chart/top","Reservoir Dogs","https://www.imdb.com/title/tt0105236/?pf_rd_m=A2FGELUUNOQJNL&pf_rd_p=e31d89dd-322d-4646-8962-327b42fe94b1&pf_rd_r=P56BEEM7AYHRBF4JMYBY&pf_rd_s=center-1&pf_rd_t=15506&pf_rd_i=top&ref_=chttp_tt_76","Crime"
"1542226798-138","https://www.imdb.com/chart/top","Up","https://www.imdb.com/title/tt1049413/?pf_rd_m=A2FGELUUNOQJNL&pf_rd_p=e31d89dd-322d-4646-8962-327b42fe94b1&pf_rd_r=P56BEEM7AYHRBF4JMYBY&pf_rd_s=center-1&pf_rd_t=15506&pf_rd_i=top&ref_=chttp_tt_113","Animation"
"1542226537-24","https://www.imdb.com/chart/top","Gandhi","https://www.imdb.com/title/tt0083987/?pf_rd_m=A2FGELUUNOQJNL&pf_rd_p=e31d89dd-322d-4646-8962-327b42fe94b1&pf_rd_r=P56BEEM7AYHRBF4JMYBY&pf_rd_s=center-1&pf_rd_t=15506&pf_rd_i=top&ref_=chttp_tt_227","Biography"
"1542226991-214","https://www.imdb.com/chart/top","Modern Times","https://www.imdb.com/title/tt0027977/?pf_rd_m=A2FGELUUNOQJNL&pf_rd_p=e31d89dd-322d-4646-8962-327b42fe94b1&pf_rd_r=P56BEEM7AYHRBF4JMYBY&pf_rd_s=center-1&pf_rd_t=15506&pf_rd_i=top&ref_=chttp_tt_37","Comedy"
"1542227022-227","https://www.imdb.com/chart/top","It's a Wonderful Life","https://www.imdb.com/title/tt0038650/?pf_rd_m=A2FGELUUNOQJNL&pf_rd_p=e31d89dd-322d-4646-8962-327b42fe94b1&pf_rd_r=P56BEEM7AYHRBF4JMYBY&pf_rd_s=center-1&pf_rd_t=15506&pf_rd_i=top&ref_=chttp_tt_24","Drama"
"1542226743-113","https://www.imdb.com/chart/top","The Gold Rush","https://www.imdb.com/title/tt0015864/?pf_rd_m=A2FGELUUNOQJNL&pf_rd_p=e31d89dd-322d-4646-8962-327b42fe94b1&pf_rd_r=P56BEEM7AYHRBF4JMYBY&pf_rd_s=center-1&pf_rd_t=15506&pf_rd_i=top&ref_=chttp_tt_138","Adventure"
"1542227045-235","https://www.imdb.com/chart/top","One Flew Over the Cuckoo's Nest","https://www.imdb.com/title/tt0073486/?pf_rd_m=A2FGELUUNOQJNL&pf_rd_p=e31d89dd-322d-4646-8962-327b42fe94b1&pf_rd_r=P56BEEM7AYHRBF4JMYBY&pf_rd_s=center-1&pf_rd_t=15506&pf_rd_i=top&ref_=chttp_tt_16","Drama"
"1542226772-126","https://www.imdb.com/chart/top","Raging Bull","https://www.imdb.com/title/tt0081398/?pf_rd_m=A2FGELUUNOQJNL&pf_rd_p=e31d89dd-322d-4646-8962-327b42fe94b1&pf_rd_r=P56BEEM7AYHRBF4JMYBY&pf_rd_s=center-1&pf_rd_t=15506&pf_rd_i=top&ref_=chttp_tt_125","Biography"
"1542226693-91","https://www.imdb.com/chart/top","The Sixth Sense","https://www.imdb.com/title/tt0167404/?pf_rd_m=A2FGELUUNOQJNL&pf_rd_p=e31d89dd-322d-4646-8962-327b42fe94b1&pf_rd_r=P56BEEM7AYHRBF4JMYBY&pf_rd_s=center-1&pf_rd_t=15506&pf_rd_i=top&ref_=chttp_tt_160","Drama"
"1542226563-35","https://www.imdb.com/chart/top","Butch Cassidy and the Sundance Kid","https://www.imdb.com/title/tt0064115/?pf_rd_m=A2FGELUUNOQJNL&pf_rd_p=e31d89dd-322d-4646-8962-327b42fe94b1&pf_rd_r=P56BEEM7AYHRBF4JMYBY&pf_rd_s=center-1&pf_rd_t=15506&pf_rd_i=top&ref_=chttp_tt_216","Biography"
"1542226582-43","https://www.imdb.com/chart/top","Spotlight","https://www.imdb.com/title/tt1895587/?pf_rd_m=A2FGELUUNOQJNL&pf_rd_p=e31d89dd-322d-4646-8962-327b42fe94b1&pf_rd_r=P56BEEM7AYHRBF4JMYBY&pf_rd_s=center-1&pf_rd_t=15506&pf_rd_i=top&ref_=chttp_tt_208","Crime"
"1542226953-198","https://www.imdb.com/chart/top","The Great Dictator","https://www.imdb.com/title/tt0032553/?pf_rd_m=A2FGELUUNOQJNL&pf_rd_p=e31d89dd-322d-4646-8962-327b42fe94b1&pf_rd_r=P56BEEM7AYHRBF4JMYBY&pf_rd_s=center-1&pf_rd_t=15506&pf_rd_i=top&ref_=chttp_tt_53","Comedy"
"1542227055-239","https://www.imdb.com/chart/top","Forrest Gump","https://www.imdb.com/title/tt0109830/?pf_rd_m=A2FGELUUNOQJNL&pf_rd_p=e31d89dd-322d-4646-8962-327b42fe94b1&pf_rd_r=P56BEEM7AYHRBF4JMYBY&pf_rd_s=center-1&pf_rd_t=15506&pf_rd_i=top&ref_=chttp_tt_12","Drama"
"1542226759-120","https://www.imdb.com/chart/top","Chinatown","https://www.imdb.com/title/tt0071315/?pf_rd_m=A2FGELUUNOQJNL&pf_rd_p=e31d89dd-322d-4646-8962-327b42fe94b1&pf_rd_r=P56BEEM7AYHRBF4JMYBY&pf_rd_s=center-1&pf_rd_t=15506&pf_rd_i=top&ref_=chttp_tt_131","Drama"
"1542226487-4","https://www.imdb.com/chart/top","Pirates of the Caribbean: The Curse of the Black Pearl","https://www.imdb.com/title/tt0325980/?pf_rd_m=A2FGELUUNOQJNL&pf_rd_p=e31d89dd-322d-4646-8962-327b42fe94b1&pf_rd_r=P56BEEM7AYHRBF4JMYBY&pf_rd_s=center-1&pf_rd_t=15506&pf_rd_i=top&ref_=chttp_tt_247","Action"
"1542226962-202","https://www.imdb.com/chart/top","Apocalypse Now","https://www.imdb.com/title/tt0078788/?pf_rd_m=A2FGELUUNOQJNL&pf_rd_p=e31d89dd-322d-4646-8962-327b42fe94b1&pf_rd_r=P56BEEM7AYHRBF4JMYBY&pf_rd_s=center-1&pf_rd_t=15506&pf_rd_i=top&ref_=chttp_tt_49","Drama"
"1542227014-224","https://www.imdb.com/chart/top","Spirited Away","https://www.imdb.com/title/tt0245429/?pf_rd_m=A2FGELUUNOQJNL&pf_rd_p=e31d89dd-322d-4646-8962-327b42fe94b1&pf_rd_r=P56BEEM7AYHRBF4JMYBY&pf_rd_s=center-1&pf_rd_t=15506&pf_rd_i=top&ref_=chttp_tt_27","Animation"
"1542227027-229","https://www.imdb.com/chart/top","Star Wars: Episode IV - A New Hope","https://www.imdb.com/title/tt0076759/?pf_rd_m=A2FGELUUNOQJNL&pf_rd_p=e31d89dd-322d-4646-8962-327b42fe94b1&pf_rd_r=P56BEEM7AYHRBF4JMYBY&pf_rd_s=center-1&pf_rd_t=15506&pf_rd_i=top&ref_=chttp_tt_22","Action"
"1542226767-124","https://www.imdb.com/chart/top","The Great Escape","https://www.imdb.com/title/tt0057115/?pf_rd_m=A2FGELUUNOQJNL&pf_rd_p=e31d89dd-322d-4646-8962-327b42fe94b1&pf_rd_r=P56BEEM7AYHRBF4JMYBY&pf_rd_s=center-1&pf_rd_t=15506&pf_rd_i=top&ref_=chttp_tt_127","Adventure"
"1542226871-169","https://www.imdb.com/chart/top","Amadeus","https://www.imdb.com/title/tt0086879/?pf_rd_m=A2FGELUUNOQJNL&pf_rd_p=e31d89dd-322d-4646-8962-327b42fe94b1&pf_rd_r=P56BEEM7AYHRBF4JMYBY&pf_rd_s=center-1&pf_rd_t=15506&pf_rd_i=top&ref_=chttp_tt_82","Biography"
"1542226888-176","https://www.imdb.com/chart/top","North by Northwest","https://www.imdb.com/title/tt0053125/?pf_rd_m=A2FGELUUNOQJNL&pf_rd_p=e31d89dd-322d-4646-8962-327b42fe94b1&pf_rd_r=P56BEEM7AYHRBF4JMYBY&pf_rd_s=center-1&pf_rd_t=15506&pf_rd_i=top&ref_=chttp_tt_75","Adventure"
"1542227051-237","https://www.imdb.com/chart/top","Inception","https://www.imdb.com/title/tt1375666/?pf_rd_m=A2FGELUUNOQJNL&pf_rd_p=e31d89dd-322d-4646-8962-327b42fe94b1&pf_rd_r=P56BEEM7AYHRBF4JMYBY&pf_rd_s=center-1&pf_rd_t=15506&pf_rd_i=top&ref_=chttp_tt_14","Action"
"1542226515-15","https://www.imdb.com/chart/top","The Help","https://www.imdb.com/title/tt1454029/?pf_rd_m=A2FGELUUNOQJNL&pf_rd_p=e31d89dd-322d-4646-8962-327b42fe94b1&pf_rd_r=P56BEEM7AYHRBF4JMYBY&pf_rd_s=center-1&pf_rd_t=15506&pf_rd_i=top&ref_=chttp_tt_236","Drama"
"1542226951-197","https://www.imdb.com/chart/top","Cinema Paradiso","https://www.imdb.com/title/tt0095765/?pf_rd_m=A2FGELUUNOQJNL&pf_rd_p=e31d89dd-322d-4646-8962-327b42fe94b1&pf_rd_r=P56BEEM7AYHRBF4JMYBY&pf_rd_s=center-1&pf_rd_t=15506&pf_rd_i=top&ref_=chttp_tt_54","Drama"
"1542226852-161","https://www.imdb.com/chart/top","Double Indemnity","https://www.imdb.com/title/tt0036775/?pf_rd_m=A2FGELUUNOQJNL&pf_rd_p=e31d89dd-322d-4646-8962-327b42fe94b1&pf_rd_r=P56BEEM7AYHRBF4JMYBY&pf_rd_s=center-1&pf_rd_t=15506&pf_rd_i=top&ref_=chttp_tt_90","Crime"
"1542226698-93","https://www.imdb.com/chart/top","No Country for Old Men","https://www.imdb.com/title/tt0477348/?pf_rd_m=A2FGELUUNOQJNL&pf_rd_p=e31d89dd-322d-4646-8962-327b42fe94b1&pf_rd_r=P56BEEM7AYHRBF4JMYBY&pf_rd_s=center-1&pf_rd_t=15506&pf_rd_i=top&ref_=chttp_tt_158","Crime"
"1542226866-167","https://www.imdb.com/chart/top","Lawrence of Arabia","https://www.imdb.com/title/tt0056172/?pf_rd_m=A2FGELUUNOQJNL&pf_rd_p=e31d89dd-322d-4646-8962-327b42fe94b1&pf_rd_r=P56BEEM7AYHRBF4JMYBY&pf_rd_s=center-1&pf_rd_t=15506&pf_rd_i=top&ref_=chttp_tt_84","Adventure"
"1542226892-178","https://www.imdb.com/chart/top","Braveheart","https://www.imdb.com/title/tt0112573/?pf_rd_m=A2FGELUUNOQJNL&pf_rd_p=e31d89dd-322d-4646-8962-327b42fe94b1&pf_rd_r=P56BEEM7AYHRBF4JMYBY&pf_rd_s=center-1&pf_rd_t=15506&pf_rd_i=top&ref_=chttp_tt_73","Biography"
"1542226631-64","https://www.imdb.com/chart/top","Platoon","https://www.imdb.com/title/tt0091763/?pf_rd_m=A2FGELUUNOQJNL&pf_rd_p=e31d89dd-322d-4646-8962-327b42fe94b1&pf_rd_r=P56BEEM7AYHRBF4JMYBY&pf_rd_s=center-1&pf_rd_t=15506&pf_rd_i=top&ref_=chttp_tt_187","Drama"
"1542226824-149","https://www.imdb.com/chart/top","The Hunt","https://www.imdb.com/title/tt2106476/?pf_rd_m=A2FGELUUNOQJNL&pf_rd_p=e31d89dd-322d-4646-8962-327b42fe94b1&pf_rd_r=P56BEEM7AYHRBF4JMYBY&pf_rd_s=center-1&pf_rd_t=15506&pf_rd_i=top&ref_=chttp_tt_102","Drama"
"1542226897-180","https://www.imdb.com/chart/top","Das Boot","https://www.imdb.com/title/tt0082096/?pf_rd_m=A2FGELUUNOQJNL&pf_rd_p=e31d89dd-322d-4646-8962-327b42fe94b1&pf_rd_r=P56BEEM7AYHRBF4JMYBY&pf_rd_s=center-1&pf_rd_t=15506&pf_rd_i=top&ref_=chttp_tt_71","Adventure"
"1542226855-162","https://www.imdb.com/chart/top","3 Idiotas","https://www.imdb.com/title/tt1187043/?pf_rd_m=A2FGELUUNOQJNL&pf_rd_p=e31d89dd-322d-4646-8962-327b42fe94b1&pf_rd_r=P56BEEM7AYHRBF4JMYBY&pf_rd_s=center-1&pf_rd_t=15506&pf_rd_i=top&ref_=chttp_tt_89","Comedy"
"1542226987-212","https://www.imdb.com/chart/top","The Pianist","https://www.imdb.com/title/tt0253474/?pf_rd_m=A2FGELUUNOQJNL&pf_rd_p=e31d89dd-322d-4646-8962-327b42fe94b1&pf_rd_r=P56BEEM7AYHRBF4JMYBY&pf_rd_s=center-1&pf_rd_t=15506&pf_rd_i=top&ref_=chttp_tt_39","Biography"
"1542226626-62","https://www.imdb.com/chart/top","Stand by Me","https://www.imdb.com/title/tt0092005/?pf_rd_m=A2FGELUUNOQJNL&pf_rd_p=e31d89dd-322d-4646-8962-327b42fe94b1&pf_rd_r=P56BEEM7AYHRBF4JMYBY&pf_rd_s=center-1&pf_rd_t=15506&pf_rd_i=top&ref_=chttp_tt_189","Adventure"
"1542226531-22","https://www.imdb.com/chart/top","La Haine","https://www.imdb.com/title/tt0113247/?pf_rd_m=A2FGELUUNOQJNL&pf_rd_p=e31d89dd-322d-4646-8962-327b42fe94b1&pf_rd_r=P56BEEM7AYHRBF4JMYBY&pf_rd_s=center-1&pf_rd_t=15506&pf_rd_i=top&ref_=chttp_tt_229","Crime"
"1542226618-58","https://www.imdb.com/chart/top","Stalker","https://www.imdb.com/title/tt0079944/?pf_rd_m=A2FGELUUNOQJNL&pf_rd_p=e31d89dd-322d-4646-8962-327b42fe94b1&pf_rd_r=P56BEEM7AYHRBF4JMYBY&pf_rd_s=center-1&pf_rd_t=15506&pf_rd_i=top&ref_=chttp_tt_193","Drama"
"1542226828-151","https://www.imdb.com/chart/top","Toy Story 3","https://www.imdb.com/title/tt0435761/?pf_rd_m=A2FGELUUNOQJNL&pf_rd_p=e31d89dd-322d-4646-8962-327b42fe94b1&pf_rd_r=P56BEEM7AYHRBF4JMYBY&pf_rd_s=center-1&pf_rd_t=15506&pf_rd_i=top&ref_=chttp_tt_100","Animation"
"1542226662-77","https://www.imdb.com/chart/top","Tokyo Story","https://www.imdb.com/title/tt0046438/?pf_rd_m=A2FGELUUNOQJNL&pf_rd_p=e31d89dd-322d-4646-8962-327b42fe94b1&pf_rd_r=P56BEEM7AYHRBF4JMYBY&pf_rd_s=center-1&pf_rd_t=15506&pf_rd_i=top&ref_=chttp_tt_174","Drama"
"1542226770-125","https://www.imdb.com/chart/top","Incendies","https://www.imdb.com/title/tt1255953/?pf_rd_m=A2FGELUUNOQJNL&pf_rd_p=e31d89dd-322d-4646-8962-327b42fe94b1&pf_rd_r=P56BEEM7AYHRBF4JMYBY&pf_rd_s=center-1&pf_rd_t=15506&pf_rd_i=top&ref_=chttp_tt_126","Drama"
"1542226558-33","https://www.imdb.com/chart/top","Rocky","https://www.imdb.com/title/tt0075148/?pf_rd_m=A2FGELUUNOQJNL&pf_rd_p=e31d89dd-322d-4646-8962-327b42fe94b1&pf_rd_r=P56BEEM7AYHRBF4JMYBY&pf_rd_s=center-1&pf_rd_t=15506&pf_rd_i=top&ref_=chttp_tt_218","Drama"
"1542226974-207","https://www.imdb.com/chart/top","Rear Window","https://www.imdb.com/title/tt0047396/?pf_rd_m=A2FGELUUNOQJNL&pf_rd_p=e31d89dd-322d-4646-8962-327b42fe94b1&pf_rd_r=P56BEEM7AYHRBF4JMYBY&pf_rd_s=center-1&pf_rd_t=15506&pf_rd_i=top&ref_=chttp_tt_44","Mystery"
"1542226931-189","https://www.imdb.com/chart/top","WALL·E","https://www.imdb.com/title/tt0910970/?pf_rd_m=A2FGELUUNOQJNL&pf_rd_p=e31d89dd-322d-4646-8962-327b42fe94b1&pf_rd_r=P56BEEM7AYHRBF4JMYBY&pf_rd_s=center-1&pf_rd_t=15506&pf_rd_i=top&ref_=chttp_tt_62","Animation"
"1542226660-76","https://www.imdb.com/chart/top","Mary e Max: Uma Amizade Diferente","https://www.imdb.com/title/tt0978762/?pf_rd_m=A2FGELUUNOQJNL&pf_rd_p=e31d89dd-322d-4646-8962-327b42fe94b1&pf_rd_r=P56BEEM7AYHRBF4JMYBY&pf_rd_s=center-1&pf_rd_t=15506&pf_rd_i=top&ref_=chttp_tt_175","Animation"
"1542226843-157","https://www.imdb.com/chart/top","Full Metal Jacket","https://www.imdb.com/title/tt0093058/?pf_rd_m=A2FGELUUNOQJNL&pf_rd_p=e31d89dd-322d-4646-8962-327b42fe94b1&pf_rd_r=P56BEEM7AYHRBF4JMYBY&pf_rd_s=center-1&pf_rd_t=15506&pf_rd_i=top&ref_=chttp_tt_94","Drama"
"1542226592-47","https://www.imdb.com/chart/top","Pinte de Açafrão","https://www.imdb.com/title/tt0405508/?pf_rd_m=A2FGELUUNOQJNL&pf_rd_p=e31d89dd-322d-4646-8962-327b42fe94b1&pf_rd_r=P56BEEM7AYHRBF4JMYBY&pf_rd_s=center-1&pf_rd_t=15506&pf_rd_i=top&ref_=chttp_tt_204","Comedy"
"1542226788-133","https://www.imdb.com/chart/top","Unforgiven","https://www.imdb.com/title/tt0105695/?pf_rd_m=A2FGELUUNOQJNL&pf_rd_p=e31d89dd-322d-4646-8962-327b42fe94b1&pf_rd_r=P56BEEM7AYHRBF4JMYBY&pf_rd_s=center-1&pf_rd_t=15506&pf_rd_i=top&ref_=chttp_tt_118","Drama"
"1542226761-121","https://www.imdb.com/chart/top","Pan's Labyrinth","https://www.imdb.com/title/tt0457430/?pf_rd_m=A2FGELUUNOQJNL&pf_rd_p=e31d89dd-322d-4646-8962-327b42fe94b1&pf_rd_r=P56BEEM7AYHRBF4JMYBY&pf_rd_s=center-1&pf_rd_t=15506&pf_rd_i=top&ref_=chttp_tt_130","Drama"
"1542226667-79","https://www.imdb.com/chart/top","Cool Hand Luke","https://www.imdb.com/title/tt0061512/?pf_rd_m=A2FGELUUNOQJNL&pf_rd_p=e31d89dd-322d-4646-8962-327b42fe94b1&pf_rd_r=P56BEEM7AYHRBF4JMYBY&pf_rd_s=center-1&pf_rd_t=15506&pf_rd_i=top&ref_=chttp_tt_172","Crime"
"1542226906-183","https://www.imdb.com/chart/top","Aliens","https://www.imdb.com/title/tt0090605/?pf_rd_m=A2FGELUUNOQJNL&pf_rd_p=e31d89dd-322d-4646-8962-327b42fe94b1&pf_rd_r=P56BEEM7AYHRBF4JMYBY&pf_rd_s=center-1&pf_rd_t=15506&pf_rd_i=top&ref_=chttp_tt_68","Action"
"1542226655-74","https://www.imdb.com/chart/top","Sunrise","https://www.imdb.com/title/tt0018455/?pf_rd_m=A2FGELUUNOQJNL&pf_rd_p=e31d89dd-322d-4646-8962-327b42fe94b1&pf_rd_r=P56BEEM7AYHRBF4JMYBY&pf_rd_s=center-1&pf_rd_t=15506&pf_rd_i=top&ref_=chttp_tt_177","Drama"
"1542226678-84","https://www.imdb.com/chart/top","Come and See","https://www.imdb.com/title/tt0091251/?pf_rd_m=A2FGELUUNOQJNL&pf_rd_p=e31d89dd-322d-4646-8962-327b42fe94b1&pf_rd_r=P56BEEM7AYHRBF4JMYBY&pf_rd_s=center-1&pf_rd_t=15506&pf_rd_i=top&ref_=chttp_tt_167","Drama"
"1542226570-38","https://www.imdb.com/chart/top","The Princess Bride","https://www.imdb.com/title/tt0093779/?pf_rd_m=A2FGELUUNOQJNL&pf_rd_p=e31d89dd-322d-4646-8962-327b42fe94b1&pf_rd_r=P56BEEM7AYHRBF4JMYBY&pf_rd_s=center-1&pf_rd_t=15506&pf_rd_i=top&ref_=chttp_tt_213","Adventure"
"1542226800-139","https://www.imdb.com/chart/top","Rashomon","https://www.imdb.com/title/tt0042876/?pf_rd_m=A2FGELUUNOQJNL&pf_rd_p=e31d89dd-322d-4646-8962-327b42fe94b1&pf_rd_r=P56BEEM7AYHRBF4JMYBY&pf_rd_s=center-1&pf_rd_t=15506&pf_rd_i=top&ref_=chttp_tt_112","Crime"
"1542226845-158","https://www.imdb.com/chart/top","Singin' in the Rain","https://www.imdb.com/title/tt0045152/?pf_rd_m=A2FGELUUNOQJNL&pf_rd_p=e31d89dd-322d-4646-8962-327b42fe94b1&pf_rd_r=P56BEEM7AYHRBF4JMYBY&pf_rd_s=center-1&pf_rd_t=15506&pf_rd_i=top&ref_=chttp_tt_93","Comedy"
"1542226728-106","https://www.imdb.com/chart/top","The Seventh Seal","https://www.imdb.com/title/tt0050976/?pf_rd_m=A2FGELUUNOQJNL&pf_rd_p=e31d89dd-322d-4646-8962-327b42fe94b1&pf_rd_r=P56BEEM7AYHRBF4JMYBY&pf_rd_s=center-1&pf_rd_t=15506&pf_rd_i=top&ref_=chttp_tt_145","Drama"
"1542226822-148","https://www.imdb.com/chart/top","Snatch","https://www.imdb.com/title/tt0208092/?pf_rd_m=A2FGELUUNOQJNL&pf_rd_p=e31d89dd-322d-4646-8962-327b42fe94b1&pf_rd_r=P56BEEM7AYHRBF4JMYBY&pf_rd_s=center-1&pf_rd_t=15506&pf_rd_i=top&ref_=chttp_tt_103","Comedy"
"1542226848-159","https://www.imdb.com/chart/top","Taxi Driver","https://www.imdb.com/title/tt0075314/?pf_rd_m=A2FGELUUNOQJNL&pf_rd_p=e31d89dd-322d-4646-8962-327b42fe94b1&pf_rd_r=P56BEEM7AYHRBF4JMYBY&pf_rd_s=center-1&pf_rd_t=15506&pf_rd_i=top&ref_=chttp_tt_92","Crime"
"1542226979-209","https://www.imdb.com/chart/top","Back to the Future","https://www.imdb.com/title/tt0088763/?pf_rd_m=A2FGELUUNOQJNL&pf_rd_p=e31d89dd-322d-4646-8962-327b42fe94b1&pf_rd_r=P56BEEM7AYHRBF4JMYBY&pf_rd_s=center-1&pf_rd_t=15506&pf_rd_i=top&ref_=chttp_tt_42","Adventure"
"1542226999-217","https://www.imdb.com/chart/top","City Lights","https://www.imdb.com/title/tt0021749/?pf_rd_m=A2FGELUUNOQJNL&pf_rd_p=e31d89dd-322d-4646-8962-327b42fe94b1&pf_rd_r=P56BEEM7AYHRBF4JMYBY&pf_rd_s=center-1&pf_rd_t=15506&pf_rd_i=top&ref_=chttp_tt_34","Comedy"
"1542226815-145","https://www.imdb.com/chart/top","For a Few Dollars More","https://www.imdb.com/title/tt0059578/?pf_rd_m=A2FGELUUNOQJNL&pf_rd_p=e31d89dd-322d-4646-8962-327b42fe94b1&pf_rd_r=P56BEEM7AYHRBF4JMYBY&pf_rd_s=center-1&pf_rd_t=15506&pf_rd_i=top&ref_=chttp_tt_106","Western"
"1542227053-238","https://www.imdb.com/chart/top","Star Wars: Episode V - The Empire Strikes Back","https://www.imdb.com/title/tt0080684/?pf_rd_m=A2FGELUUNOQJNL&pf_rd_p=e31d89dd-322d-4646-8962-327b42fe94b1&pf_rd_r=P56BEEM7AYHRBF4JMYBY&pf_rd_s=center-1&pf_rd_t=15506&pf_rd_i=top&ref_=chttp_tt_13","Action"
"1542226817-146","https://www.imdb.com/chart/top","Monty Python and the Holy Grail","https://www.imdb.com/title/tt0071853/?pf_rd_m=A2FGELUUNOQJNL&pf_rd_p=e31d89dd-322d-4646-8962-327b42fe94b1&pf_rd_r=P56BEEM7AYHRBF4JMYBY&pf_rd_s=center-1&pf_rd_t=15506&pf_rd_i=top&ref_=chttp_tt_105","Adventure"
"1542226754-118","https://www.imdb.com/chart/top","My Neighbor Totoro","https://www.imdb.com/title/tt0096283/?pf_rd_m=A2FGELUUNOQJNL&pf_rd_p=e31d89dd-322d-4646-8962-327b42fe94b1&pf_rd_r=P56BEEM7AYHRBF4JMYBY&pf_rd_s=center-1&pf_rd_t=15506&pf_rd_i=top&ref_=chttp_tt_133","Animation"
"1542226776-128","https://www.imdb.com/chart/top","Ikiru","https://www.imdb.com/title/tt0044741/?pf_rd_m=A2FGELUUNOQJNL&pf_rd_p=e31d89dd-322d-4646-8962-327b42fe94b1&pf_rd_r=P56BEEM7AYHRBF4JMYBY&pf_rd_s=center-1&pf_rd_t=15506&pf_rd_i=top&ref_=chttp_tt_123","Drama"
"1542226716-101","https://www.imdb.com/chart/top","The Wolf of Wall Street","https://www.imdb.com/title/tt0993846/?pf_rd_m=A2FGELUUNOQJNL&pf_rd_p=e31d89dd-322d-4646-8962-327b42fe94b1&pf_rd_r=P56BEEM7AYHRBF4JMYBY&pf_rd_s=center-1&pf_rd_t=15506&pf_rd_i=top&ref_=chttp_tt_150","Biography"
"1542226485-3","https://www.imdb.com/chart/top","PK","https://www.imdb.com/title/tt2338151/?pf_rd_m=A2FGELUUNOQJNL&pf_rd_p=e31d89dd-322d-4646-8962-327b42fe94b1&pf_rd_r=P56BEEM7AYHRBF4JMYBY&pf_rd_s=center-1&pf_rd_t=15506&pf_rd_i=top&ref_=chttp_tt_248","Comedy"
"1542226648-71","https://www.imdb.com/chart/top","Relatos Selvagens","https://www.imdb.com/title/tt3011894/?pf_rd_m=A2FGELUUNOQJNL&pf_rd_p=e31d89dd-322d-4646-8962-327b42fe94b1&pf_rd_r=P56BEEM7AYHRBF4JMYBY&pf_rd_s=center-1&pf_rd_t=15506&pf_rd_i=top&ref_=chttp_tt_180","Comedy"
"1542226494-7","https://www.imdb.com/chart/top","The Best Years of Our Lives","https://www.imdb.com/title/tt0036868/?pf_rd_m=A2FGELUUNOQJNL&pf_rd_p=e31d89dd-322d-4646-8962-327b42fe94b1&pf_rd_r=P56BEEM7AYHRBF4JMYBY&pf_rd_s=center-1&pf_rd_t=15506&pf_rd_i=top&ref_=chttp_tt_244","Drama"
"1542226808-142","https://www.imdb.com/chart/top","Metrópolis","https://www.imdb.com/title/tt0017136/?pf_rd_m=A2FGELUUNOQJNL&pf_rd_p=e31d89dd-322d-4646-8962-327b42fe94b1&pf_rd_r=P56BEEM7AYHRBF4JMYBY&pf_rd_s=center-1&pf_rd_t=15506&pf_rd_i=top&ref_=chttp_tt_109","Drama"
"1542226555-32","https://www.imdb.com/chart/top","Barry Lyndon","https://www.imdb.com/title/tt0072684/?pf_rd_m=A2FGELUUNOQJNL&pf_rd_p=e31d89dd-322d-4646-8962-327b42fe94b1&pf_rd_r=P56BEEM7AYHRBF4JMYBY&pf_rd_s=center-1&pf_rd_t=15506&pf_rd_i=top&ref_=chttp_tt_219","Adventure"
"1542227001-218","https://www.imdb.com/chart/top","American History X","https://www.imdb.com/title/tt0120586/?pf_rd_m=A2FGELUUNOQJNL&pf_rd_p=e31d89dd-322d-4646-8962-327b42fe94b1&pf_rd_r=P56BEEM7AYHRBF4JMYBY&pf_rd_s=center-1&pf_rd_t=15506&pf_rd_i=top&ref_=chttp_tt_33","Crime"
"1542226636-66","https://www.imdb.com/chart/top","It Happened One Night","https://www.imdb.com/title/tt0025316/?pf_rd_m=A2FGELUUNOQJNL&pf_rd_p=e31d89dd-322d-4646-8962-327b42fe94b1&pf_rd_r=P56BEEM7AYHRBF4JMYBY&pf_rd_s=center-1&pf_rd_t=15506&pf_rd_i=top&ref_=chttp_tt_185","Comedy"
"1542226696-92","https://www.imdb.com/chart/top","There Will Be Blood","https://www.imdb.com/title/tt0469494/?pf_rd_m=A2FGELUUNOQJNL&pf_rd_p=e31d89dd-322d-4646-8962-327b42fe94b1&pf_rd_r=P56BEEM7AYHRBF4JMYBY&pf_rd_s=center-1&pf_rd_t=15506&pf_rd_i=top&ref_=chttp_tt_159","Drama"
"1542226838-155","https://www.imdb.com/chart/top","Bicycle Thieves","https://www.imdb.com/title/tt0040522/?pf_rd_m=A2FGELUUNOQJNL&pf_rd_p=e31d89dd-322d-4646-8962-327b42fe94b1&pf_rd_r=P56BEEM7AYHRBF4JMYBY&pf_rd_s=center-1&pf_rd_t=15506&pf_rd_i=top&ref_=chttp_tt_96","Drama"
